<?xml version="1.0" encoding="UTF-8"?><kml xmlns="http://www.opengis.net/kml/2.2"><Document><name>overpass-turbo.eu export</name><description>Filtered OSM data converted to KML by overpass turbo.
Copyright: The data included in this document is from www.openstreetmap.org. The data is made available under ODbL.
Timestamp: 2025-09-01T17:27:30Z</description><Placemark><name>Calle Unión</name><ExtendedData><Data name="@id"><value>way/220115786</value></Data><Data name="highway"><value>primary</value></Data><Data name="name"><value>Calle Unión</value></Data><Data name="ref"><value>CU-104</value></Data><Data name="source"><value>bing;http://www.mtc.gob.pe/estadisticas/estadistica/mapas/TRANSPORTES/VIAL/08_CUSCO_VIAL.pdf</value></Data><Data name="surface"><value>dirt</value></Data></ExtendedData><LineString><coordinates>-71.9465029,-13.0548803 -71.9459652,-13.054832 -71.9457839,-13.0548164 -71.9455728,-13.0548093</coordinates></LineString></Placemark><Placemark><ExtendedData><Data name="@id"><value>way/229069895</value></Data><Data name="bridge"><value>yes</value></Data><Data name="highway"><value>primary</value></Data><Data name="layer"><value>1</value></Data><Data name="ref"><value>CU-104</value></Data><Data name="source"><value>bing ; http://www.mtc.gob.pe/estadisticas/estadistica/mapas/TRANSPORTES/VIAL/08_CUSCO_VIAL.pdf</value></Data><Data name="surface"><value>dirt</value></Data></ExtendedData><LineString><coordinates>-71.9455728,-13.0548093 -71.9453652,-13.0548109</coordinates></LineString></Placemark><Placemark><ExtendedData><Data name="@id"><value>way/292819427</value></Data><Data name="highway"><value>secondary</value></Data><Data name="ref"><value>CU-104</value></Data><Data name="source"><value>MapBox; http://www.mtc.gob.pe/portal/transportes/red_vial/mapas_redvial.htm</value></Data><Data name="surface"><value>dirt</value></Data></ExtendedData><LineString><coordinates>-72.5067701,-12.5165765 -72.5064642,-12.5167317 -72.5062745,-12.5168512 -72.5061338,-12.5170602 -72.505987,-12.5171976 -72.5056934,-12.5172991 -72.5054548,-12.5172872 -72.5052957,-12.5172573 -72.5051,-12.5173111 -72.504892,-12.5174962 -72.5049287,-12.5176395 -72.5051367,-12.5178904 -72.5054303,-12.5182308 -72.5058708,-12.5188758 -72.5060543,-12.5190669 -72.5062501,-12.5191624 -72.5063235,-12.519258 -72.5064275,-12.519473 -72.5065498,-12.5195626 -72.5066844,-12.5195685 -72.506868,-12.5193595 -72.5070882,-12.5191445 -72.5073023,-12.5190908 -72.5076204,-12.5191326 -72.5079263,-12.5191505 -72.5081527,-12.5193177 -72.5082872,-12.519473 -72.5084157,-12.519473 -72.5085442,-12.5193535 -72.5088807,-12.5192162 -72.5094129,-12.5189713 -72.5099696,-12.5188579 -72.5102204,-12.518834 -72.5103795,-12.5189116 -72.5105997,-12.5190191 -72.5107955,-12.5190669 -72.5109362,-12.5189116 -72.5111197,-12.5185772 -72.5112665,-12.5184637 -72.5114195,-12.5184936 -72.5115418,-12.5185533 -72.5116825,-12.5184995 -72.5119028,-12.5183562 -72.512019,-12.5184279 -72.5121475,-12.518613 -72.5123004,-12.5186488 -72.5124534,-12.5185413 -72.5126858,-12.5183383 -72.5129366,-12.5183084 -72.513163,-12.5184338 -72.5134628,-12.5185234 -72.5135484,-12.5187026 -72.5135912,-12.5189952 -72.5136708,-12.5190729 -72.5137625,-12.5190788 -72.5138604,-12.5190131 -72.513995,-12.5188817 -72.514203,-12.5187683 -72.5143865,-12.5187802 -72.5145639,-12.518828 -72.5147903,-12.518828 -72.515035,-12.518828 -72.5151879,-12.5188817 -72.5153715,-12.5188817 -72.5156835,-12.5189355 -72.5157936,-12.5190191 -72.5158181,-12.5191983 -72.5157569,-12.5194133 -72.5157814,-12.5196522 -72.5158792,-12.5197656 -72.5160628,-12.5197656 -72.5162463,-12.5198373 -72.5163809,-12.5200702 -72.5166745,-12.520554 -72.5167296,-12.520751 -72.5167235,-12.5210198 -72.5167663,-12.5211034 -72.5169315,-12.5211034 -72.5171701,-12.5211153 -72.5174453,-12.5210795 -72.5177206,-12.5210317 -72.5178246,-12.5211452 -72.5179225,-12.5214498 -72.5179103,-12.5216588 -72.5177573,-12.521832 -72.5176228,-12.5220589 -72.5176839,-12.5221843 -72.5177308,-12.5222448 -72.5179903,-12.5222871 -72.5182931,-12.5223462 -72.51857,-12.5224982 -72.5187257,-12.5227347 -72.5187863,-12.5229712 -72.5187776,-12.5231317 -72.5188901,-12.5232583 -72.518942,-12.5234188 -72.5188814,-12.5236384 -72.5188209,-12.5238411 -72.5188814,-12.5239678 -72.5188901,-12.5242381 -72.5189074,-12.5245421 -72.5188468,-12.5248124 -72.518769,-12.5249728 -72.518769,-12.5251502 -72.5188122,-12.5253698 -72.5186738,-12.5255471 -72.5184921,-12.5257667 -72.5184662,-12.526037 -72.518544,-12.5261975 -72.5186911,-12.5263157 -72.5188036,-12.5264677 -72.5189593,-12.5265775 -72.5191756,-12.5266113 -72.5194265,-12.5267211 -72.519686,-12.5267887 -72.5199023,-12.5268309 -72.5200062,-12.5269322 -72.5201273,-12.527042 -72.5202657,-12.5270505 -72.5204128,-12.5269576 -72.5206464,-12.5269407 -72.5211828,-12.5269238 -72.521425,-12.5269914 -72.5216048,-12.5271884 -72.5216567,-12.5274249 -72.5217865,-12.5275009 -72.5218817,-12.5274587 -72.5220115,-12.5273742 -72.522245,-12.5273574 -72.5224786,-12.5273489 -72.5226517,-12.5275178 -72.5227122,-12.5276867 -72.5227036,-12.5278557 -72.5227728,-12.5279401 -72.5229372,-12.5279992 -72.523214,-12.5280668 -72.5233438,-12.5282188 -72.5234736,-12.5284891 -72.5235082,-12.5287171 -72.5233957,-12.5289367 -72.5231621,-12.5290634 -72.5229285,-12.5292154 -72.5225652,-12.5294857 -72.522297,-12.529739 -72.5221672,-12.5300346 -72.5219768,-12.5304062 -72.5218471,-12.5306934 -72.5217,-12.5309552 -72.5213885,-12.5313352 -72.5211117,-12.5317153 -72.5210944,-12.5319349 -72.5212934,-12.5323994 -72.5213453,-12.5325767 -72.5212588,-12.5326781 -72.5211203,-12.5326781 -72.5209473,-12.5327372 -72.5207137,-12.5328639 -72.5200389,-12.5330666 -72.5197966,-12.5331932 -72.5197101,-12.5333453 -72.5197101,-12.5334804 -72.5198831,-12.5337 -72.5201513,-12.5338773 -72.5202811,-12.5340209 -72.5202379,-12.5341983 -72.5198485,-12.5344009 -72.5196928,-12.5344938 -72.5196669,-12.5346543 -72.5195976,-12.5348823 -72.5195111,-12.5350766 -72.5196928,-12.5352286 -72.5198485,-12.5354651 -72.5199697,-12.5358113 -72.519987,-12.5362505 -72.519762,-12.5364954 -72.5192343,-12.5366559 -72.5190439,-12.5367572 -72.5189747,-12.5369092 -72.5190007,-12.5371373 -72.5191564,-12.5372893 -72.519217,-12.5374244 -72.5190785,-12.537568 -72.5191478,-12.5377031 -72.5194073,-12.5379311 -72.5196236,-12.5382183 -72.5199351,-12.5385307 -72.5201081,-12.538801 -72.5200994,-12.539105 -72.5203244,-12.539333 -72.5208348,-12.5395864 -72.5209992,-12.5397722 -72.5210165,-12.5399495 -72.5207656,-12.5402367 -72.5206012,-12.5404309 -72.5201167,-12.5406589 -72.5199178,-12.5407096 -72.5199091,-12.5408025 -72.519987,-12.540887 -72.5202811,-12.5410812 -72.5205666,-12.541267 -72.5208002,-12.5415541 -72.5211636,-12.5421284 -72.5212588,-12.5425591 -72.5211117,-12.5432685 -72.5209906,-12.5438597 -72.5208608,-12.5440201 -72.5207137,-12.5440286 -72.520532,-12.5440117 -72.5203503,-12.5441299 -72.5203676,-12.544341 -72.520333,-12.5445691 -72.5203849,-12.5448055 -72.5204888,-12.5451264 -72.5204542,-12.5454558 -72.5202638,-12.5458105 -72.5201167,-12.5461145 -72.5197707,-12.5463594 -72.5194073,-12.5465452 -72.5190353,-12.5466719 -72.5182566,-12.5468577 -72.5179884,-12.5468154 -72.5177808,-12.5468408 -72.5175905,-12.5469928 -72.5169329,-12.5473053 -72.5164138,-12.5476346 -72.5160851,-12.5480653 -72.5159467,-12.5483862 -72.5158861,-12.5488676 -72.5158169,-12.549028 -72.5155833,-12.5490365 -72.5152286,-12.5488591 -72.5150209,-12.5487831 -72.5147787,-12.5487747 -72.5141385,-12.5486902 -72.5137578,-12.5485467 -72.5133858,-12.5482849 -72.5127369,-12.5480146 -72.5123995,-12.5480231 -72.5120275,-12.5480906 -72.5118198,-12.54804 -72.5116727,-12.5478542 -72.5114911,-12.5475586 -72.5112748,-12.5472293 -72.5107384,-12.5466297 -72.5105048,-12.5464185 -72.5102539,-12.5460807 -72.5099251,-12.545878 -72.5096656,-12.5457345 -72.5095444,-12.5455318 -72.5091984,-12.5453122 -72.5089215,-12.545194 -72.5085495,-12.5451011 -72.5080477,-12.5449491 -72.5077276,-12.5446788 -72.5074248,-12.5444255 -72.5070268,-12.5443073 -72.5067413,-12.544265 -72.5064904,-12.5441299 -72.5060838,-12.5439188 -72.505915,-12.5437742 -72.5057766,-12.5436391 -72.5054997,-12.5435377 -72.505145,-12.5434955 -72.5049201,-12.5435546 -72.5046605,-12.5435715 -72.5043837,-12.5434448 -72.5041674,-12.5432168 -72.503804,-12.5429719 -72.5033887,-12.5428452 -72.5030859,-12.5427946 -72.5028091,-12.5427861 -72.502662,-12.542651 -72.5024284,-12.5425412 -72.5021083,-12.5425496 -72.5018401,-12.5424821 -72.5017622,-12.5422794 -72.5018401,-12.5421612 -72.5018747,-12.5419331 -72.5019699,-12.5416207 -72.5022554,-12.5414264 -72.5023246,-12.5412153 -72.5022986,-12.5408859 -72.5021342,-12.5408522</coordinates></LineString></Placemark><Placemark><ExtendedData><Data name="@id"><value>way/292997082</value></Data><Data name="highway"><value>secondary</value></Data><Data name="ref"><value>CU-104</value></Data><Data name="source"><value>MapBox; http://www.mtc.gob.pe/portal/transportes/red_vial/mapas_redvial.htm</value></Data><Data name="surface"><value>dirt</value></Data></ExtendedData><LineString><coordinates>-72.4637361,-12.433706 -72.4637918,-12.43371 -72.4639072,-12.4337184 -72.4640542,-12.4337445 -72.4641544,-12.4337934 -72.4642146,-12.4338848 -72.4642146,-12.4341132 -72.4642346,-12.4343546 -72.4643248,-12.4345373 -72.4645977,-12.4347313 -72.4648468,-12.4349282 -72.4651434,-12.4350267 -72.4655052,-12.4353916 -72.4659501,-12.4357217 -72.466321,-12.4361814 -72.4665108,-12.4364768 -72.466665,-12.4366274 -72.4668667,-12.4367548 -72.4669794,-12.4368475 -72.4670565,-12.4370386 -72.4671929,-12.4371081 -72.4673886,-12.4371661 -72.4676852,-12.4373688 -72.4679462,-12.4375889 -72.4681241,-12.4376352 -72.4682843,-12.4375889 -72.4685275,-12.4375715 -72.4687232,-12.4376642 -72.4689723,-12.4377742 -72.4693164,-12.4378785 -72.4695655,-12.4379306 -72.4697316,-12.4380175 -72.4699036,-12.4380812 -72.4700756,-12.4381102 -72.4704196,-12.4381739 -72.4706391,-12.4381565 -72.4709001,-12.4382145 -72.4710424,-12.4382898 -72.4711967,-12.438423 -72.4712678,-12.4384809 -72.4713331,-12.4384404 -72.471428,-12.4382898 -72.4715585,-12.4381623 -72.4717898,-12.4380754 -72.4720389,-12.4380175 -72.472205,-12.4380639 -72.4723533,-12.4381102 -72.4729702,-12.4381681 -72.4733261,-12.4382782 -72.4735811,-12.4383593 -72.4737413,-12.4383361 -72.4738777,-12.4381971 -72.4740557,-12.4380639 -72.4742336,-12.4379306 -72.474631,-12.4378901 -72.4752004,-12.4378322 -72.475325,-12.4378611 -72.475408,-12.4380175 -72.4755504,-12.4382434 -72.4757402,-12.4384519 -72.4758885,-12.4385041 -72.4759656,-12.4384519 -72.4759597,-12.4383071 -72.4758707,-12.4380812 -72.4759241,-12.4379306 -72.4760112,-12.4378189 -72.476201,-12.4377841 -72.4763849,-12.4376972 -72.4764917,-12.4374308 -72.4765451,-12.437286 -72.4766756,-12.4372223 -72.4767838,-12.4372392 -72.4769528,-12.4374317 -72.4769562,-12.4374677 -72.4769568,-12.4374985 -72.476926,-12.4375319 -72.4768831,-12.437566 -72.4767336,-12.4376491 -72.4764875,-12.4377113 -72.4763916,-12.4377506 -72.4763681,-12.4377788 -72.4763574,-12.4378082 -72.4763493,-12.4378285 -72.4763466,-12.4378423 -72.4763554,-12.4378626 -72.4763728,-12.4378685 -72.4763983,-12.4378685 -72.4764439,-12.437856 -72.476519,-12.437843 -72.4766578,-12.4378534 -72.4768663,-12.4378318 -72.477158,-12.4378096 -72.4773122,-12.4378076 -72.4776643,-12.4377559 -72.4780478,-12.4376092 -72.4781705,-12.4375555 -72.4782631,-12.4375195 -72.478308,-12.437507 -72.4783234,-12.437507 -72.4783389,-12.4375097 -72.4783529,-12.4375221 -72.4783576,-12.4375457 -72.4783516,-12.4375627 -72.4783174,-12.4375902 -72.4782765,-12.4376216 -72.477789,-12.4378403 -72.4775657,-12.4379327 -72.4773511,-12.4379877 -72.4768462,-12.4381389 -72.4765666,-12.4382555 -72.4765089,-12.4382869 -72.4764673,-12.4383197 -72.4764673,-12.4383544 -72.4764861,-12.438376 -72.4764995,-12.4383786 -72.4765424,-12.4383786 -72.4765592,-12.4383753 -72.4765927,-12.4383622 -72.4766745,-12.4383308 -72.4768227,-12.4382751 -72.4769394,-12.4382483 -72.4771573,-12.4382182 -72.4773042,-12.4382182 -72.4773478,-12.4382129 -72.4774524,-12.4381972 -72.4777206,-12.4381101 -72.4780881,-12.437987 -72.4781833,-12.43797 -72.4782899,-12.4379615 -72.4784076,-12.4379868 -72.4786508,-12.4380448 -72.4789829,-12.4381606 -72.4791075,-12.4382301 -72.4792973,-12.4384966 -72.4794844,-12.4388111 -72.4795615,-12.4390138 -72.4794903,-12.439147 -72.4794282,-12.4391939 -72.4793598,-12.4392455 -72.4791048,-12.4392803 -72.4788913,-12.4391876 -72.4786955,-12.4390659 -72.4785116,-12.4390022 -72.4783234,-12.4389457 -72.4781504,-12.4389155 -72.4780472,-12.4389024 -72.4779761,-12.4389077 -72.4779131,-12.4389483 -72.4778943,-12.4390046 -72.4778956,-12.4390465 -72.4779157,-12.439095 -72.4780445,-12.4392456 -72.4782188,-12.4394394 -72.4786837,-12.4399 -72.4788319,-12.4402012 -72.4791345,-12.4404966 -72.4794192,-12.4407052 -72.4800657,-12.4407515 -72.4804394,-12.4406241 -72.4806707,-12.4405835 -72.4807953,-12.4406183 -72.480902,-12.4407747 -72.4810088,-12.4409311 -72.4812461,-12.441099 -72.4813291,-12.4412207 -72.4813706,-12.4413713 -72.4813528,-12.441545 -72.4813884,-12.4416725 -72.4815308,-12.4417362 -72.4816138,-12.4418115 -72.4817087,-12.4419099 -72.4817977,-12.4420084 -72.4819163,-12.4419968 -72.481946,-12.4419331 -72.4819163,-12.4418057 -72.4819163,-12.441713 -72.4818926,-12.4416203 -72.4819223,-12.4415392 -72.4820468,-12.4414292 -72.482118,-12.4413307 -72.4821239,-12.4410643 -72.4821951,-12.4407747 -72.4823968,-12.4405082 -72.4826044,-12.4403402 -72.4827586,-12.4403171 -72.4829543,-12.4403808 -72.4830848,-12.4404677 -72.4832687,-12.4405835 -72.4833992,-12.4405835 -72.4839034,-12.4406009 -72.484194,-12.4405777 -72.4844135,-12.4407689 -72.4845025,-12.4409368 -72.4845914,-12.4410121 -72.4846923,-12.4410121 -72.484805,-12.4409195 -72.4849592,-12.4408847 -72.4851016,-12.4409137 -72.4853803,-12.4410295 -72.4859438,-12.4410527 -72.4863294,-12.4409368 -72.4865488,-12.4409311 -72.4868543,-12.4408673 -72.4871212,-12.440682 -72.4875305,-12.4404503 -72.4883372,-12.4401723 -72.4886397,-12.4400738 -72.4888058,-12.4401201 -72.4888651,-12.4402476 -72.4889244,-12.4404445 -72.4889837,-12.4406009 -72.4890608,-12.4407515 -72.4891024,-12.4408384 -72.4890549,-12.4410701 -72.4890964,-12.4413828 -72.4891142,-12.4418288 -72.4890964,-12.4419679 -72.4889007,-12.4422285 -72.4887227,-12.4425355 -72.4886338,-12.4427498 -72.4886041,-12.4429757 -72.4885863,-12.4432653 -72.4885337,-12.4434392 -72.4885219,-12.4436999 -72.4886405,-12.4438563 -72.4887591,-12.4439779 -72.4888125,-12.4440937 -72.4888362,-12.4442154 -72.4889015,-12.4442559 -72.4890142,-12.4442501 -72.4891328,-12.4443196 -72.4891862,-12.4444239 -72.4892633,-12.4445861 -72.4893582,-12.444644 -72.4895302,-12.4445803 -72.4895777,-12.4444239 -72.4895777,-12.4442559 -72.4896073,-12.4441401 -72.4896726,-12.4440532 -72.4898327,-12.4439605 -72.4898327,-12.4438736 -72.4896785,-12.443781 -72.4895124,-12.4437057 -72.4894057,-12.4436014 -72.4894467,-12.4435222 -72.4898493,-12.4432355 -72.4900842,-12.4429652 -72.4902184,-12.4426212 -72.4902939,-12.4422853 -72.4905288,-12.4419741 -72.4906294,-12.4418512 -72.4907385,-12.4415153 -72.4908308,-12.4412942 -72.4909734,-12.4411795 -72.4909985,-12.4409993 -72.4909189,-12.4407461 -72.4909664,-12.4406187 -72.4911325,-12.4404681 -72.4913282,-12.4404159 -72.4915536,-12.4404739 -72.4917909,-12.4406303 -72.4919925,-12.4407866 -72.4921289,-12.4408851 -72.4922416,-12.4408851 -72.4922772,-12.4408098 -72.4922298,-12.4406476 -72.4921883,-12.4404681 -72.4922594,-12.4403522 -72.4925442,-12.4402885 -72.4928645,-12.4401727 -72.4930246,-12.4400394 -72.4931788,-12.4400163 -72.4934339,-12.4400394 -72.4935406,-12.4399873 -72.4935406,-12.439802 -72.4933627,-12.4395934 -72.4933093,-12.4393907 -72.4934576,-12.4391474 -72.4936296,-12.4388115 -72.4937423,-12.4381743 -72.4936252,-12.4379514 -72.4933616,-12.4377331 -72.4932049,-12.4374852 -72.4931675,-12.4372884 -72.4930854,-12.4370114 -72.4930332,-12.4367417 -72.4930556,-12.4365157 -72.4930929,-12.4362971 -72.4930257,-12.4361586 -72.4929212,-12.4360055 -72.492906,-12.4357825 -72.4930254,-12.4356878 -72.4931001,-12.4354982 -72.4932046,-12.4353524 -72.4933986,-12.4353379 -72.4938316,-12.4353889 -72.4942123,-12.4353889 -72.4943765,-12.4353743 -72.4946079,-12.4355128 -72.494899,-12.4357242 -72.4951155,-12.4358408 -72.495332,-12.43587 -72.4954141,-12.4357607 -72.4953096,-12.4355857 -72.4952275,-12.4353452 -72.4951976,-12.4349588 -72.4951453,-12.4346964 -72.4951229,-12.4344631 -72.495332,-12.4343174 -72.4955708,-12.4342007 -72.4957126,-12.4340112 -72.4959067,-12.4339091 -72.496265,-12.4338071 -72.4965785,-12.4337561 -72.4968696,-12.4337925 -72.4970712,-12.4336905 -72.497116,-12.4335155 -72.4972429,-12.4334936 -72.4974593,-12.4335447 -72.4977579,-12.4335593 -72.4981311,-12.4334645 -72.4984148,-12.4333624 -72.4988179,-12.4333187 -72.4989522,-12.4332604 -72.4989672,-12.4331 -72.498997,-12.4328084 -72.4991836,-12.4325169 -72.4995046,-12.4322253 -72.4996166,-12.4319774 -72.4998181,-12.4317806 -72.4999525,-12.431489 -72.5001326,-12.4310903 -72.500267,-12.4307988 -72.5003236,-12.430769 -72.500364,-12.4307477 -72.5005581,-12.4307623 -72.500797,-12.4308279 -72.5011179,-12.4308571 -72.5012971,-12.4309373 -72.5015509,-12.4309591 -72.5016628,-12.4309956 -72.5019465,-12.4311705 -72.5022077,-12.4313163 -72.5023869,-12.4314038 -72.5025511,-12.4314184 -72.5027601,-12.4314548 -72.5028721,-12.4315277 -72.5028198,-12.4316152 -72.5026183,-12.4315641 -72.5024018,-12.4314913 -72.5021555,-12.4314329 -72.5019166,-12.4313163 -72.5016479,-12.4311705 -72.5014912,-12.4311049 -72.5013269,-12.4311341 -72.5011851,-12.4311049 -72.500991,-12.4310976 -72.5006925,-12.4310976 -72.5004909,-12.431207 -72.5004013,-12.4313528 -72.5003267,-12.4314913 -72.5002595,-12.4315787 -72.5002222,-12.4317027 -72.5001774,-12.4318776 -72.5000505,-12.4320744 -72.499849,-12.4323587 -72.4996026,-12.4326794 -72.4994832,-12.4328617 -72.4994832,-12.4330512 -72.4994459,-12.433248 -72.4994086,-12.4334813 -72.499416,-12.4336708 -72.4993414,-12.4337437 -72.49911,-12.4338166 -72.4988636,-12.4338968 -72.49858,-12.4340061 -72.4983337,-12.4340426 -72.4981993,-12.4340936 -72.4981471,-12.4342467 -72.4981471,-12.4344216 -72.4980351,-12.4344581 -72.497938,-12.4343852 -72.4977813,-12.4342758 -72.4976171,-12.4342831 -72.4972438,-12.4344508 -72.4969229,-12.4345966 -72.4967587,-12.4347351 -72.4967811,-12.4348371 -72.496893,-12.434859 -72.4969751,-12.4347934 -72.4970946,-12.4346767 -72.4971916,-12.434633 -72.4974155,-12.4345893 -72.4976544,-12.4345237 -72.4978261,-12.4345164 -72.4979679,-12.4345966 -72.4980873,-12.434633 -72.4982217,-12.4347132 -72.4983113,-12.434684 -72.4983411,-12.4345382 -72.4983411,-12.434356 -72.4984755,-12.4342612 -72.4987069,-12.434254 -72.49911,-12.4341811 -72.4994384,-12.43413 -72.4996176,-12.4341082 -72.4996773,-12.4340571 -72.4997071,-12.4339332 -72.4997071,-12.4337145 -72.4997445,-12.4335615 -72.4997892,-12.433423 -72.4997669,-12.4332261 -72.4998191,-12.4330366 -72.4999535,-12.4328544 -72.5001401,-12.432592 -72.5004312,-12.4323223 -72.5006402,-12.4321473 -72.5009388,-12.4321327 -72.5012075,-12.4321619 -72.5013792,-12.4322639 -72.5015434,-12.4323223 -72.5016949,-12.4323765 -72.5018196,-12.4324839 -72.5018987,-12.4325507 -72.5019751,-12.4326136 -72.5021052,-12.4326961 -72.5023131,-12.4328244 -72.5025002,-12.4329501 -72.5025451,-12.4329861 -72.502584,-12.4330326 -72.5026155,-12.4330909 -72.5026571,-12.4331688 -72.5027195,-12.4332769 -72.5027376,-12.4333273 -72.5027356,-12.4333627 -72.5027181,-12.4333948 -72.502698,-12.433398 -72.5026732,-12.4334013 -72.502633,-12.4333941 -72.5026075,-12.433362 -72.5025579,-12.4332684 -72.502464,-12.4331276 -72.5023828,-12.4330608 -72.5023312,-12.4330281 -72.5021978,-12.4329429 -72.5020422,-12.4328722 -72.5018625,-12.4328008 -72.5017592,-12.4327668 -72.5016379,-12.4327458 -72.5014883,-12.4327242 -72.5013938,-12.4327059 -72.5012905,-12.4326967 -72.5012483,-12.4326862 -72.5012087,-12.4326659 -72.5011128,-12.4326188 -72.5010592,-12.4325965 -72.500926,-12.4325882 -72.5006872,-12.4326611 -72.5005006,-12.4327923 -72.5003587,-12.4329818 -72.5002542,-12.4331714 -72.5002916,-12.433339 -72.5003587,-12.4334921 -72.5004483,-12.4335723 -72.5005976,-12.4337108 -72.5006424,-12.4338347 -72.5006275,-12.4340097 -72.5005901,-12.4341773 -72.5005893,-12.4343729 -72.5005926,-12.434524 -72.5006341,-12.4346572 -72.5007386,-12.4347666 -72.5007908,-12.4349488 -72.5008281,-12.4351529 -72.5007759,-12.4352477 -72.500761,-12.4353424 -72.5007013,-12.435408 -72.5006639,-12.4355392 -72.5006639,-12.4357871 -72.500746,-12.4359839 -72.5008207,-12.4360932 -72.5008431,-12.436239 -72.5009998,-12.4363046 -72.5011491,-12.436414 -72.5014328,-12.4366035 -72.5016418,-12.4366545 -72.5017761,-12.4366764 -72.5018732,-12.4368367 -72.5020598,-12.436844 -72.5022464,-12.4369096 -72.5024778,-12.4371575 -72.502642,-12.4374418 -72.5028062,-12.4376459 -72.5029779,-12.4378208 -72.5030078,-12.4379666 -72.5030302,-12.4381197 -72.5031123,-12.4383092 -72.5031496,-12.4384841 -72.5031048,-12.438608 -72.5030003,-12.438608 -72.5029515,-12.4385314 -72.5029067,-12.4383054 -72.5028545,-12.4381378 -72.5028172,-12.437992 -72.5027127,-12.4378972 -72.5025559,-12.4377879 -72.5023917,-12.4376931 -72.5023171,-12.4375692 -72.5021603,-12.437489 -72.5018766,-12.4374016 -72.501593,-12.4373287 -72.5013118,-12.4371753 -72.50064,-12.437168 -72.5003713,-12.4372336 -72.5002593,-12.4372992 -72.5001399,-12.4374304 -72.5000503,-12.4374377 -72.5000204,-12.4373138 -72.499998,-12.4371388 -72.4998786,-12.4370076 -72.4997443,-12.4369347 -72.4996024,-12.4368691 -72.4995427,-12.4367671 -72.4994681,-12.4365702 -72.499371,-12.4364609 -72.4992845,-12.4364467 -72.4992097,-12.4364179 -72.4991256,-12.4364212 -72.4990114,-12.4363929 -72.4988845,-12.4364294 -72.4987725,-12.4365679 -72.4986606,-12.4366554 -72.4985486,-12.4367501 -72.4984441,-12.4369251 -72.4983769,-12.4371656 -72.498362,-12.4372822 -72.498459,-12.437326 -72.4985113,-12.4372312 -72.4985859,-12.4371 -72.4987128,-12.4370271 -72.498877,-12.4369542 -72.4990637,-12.4369688 -72.4991532,-12.4370543 -72.4992341,-12.4371929 -72.4992955,-12.4372791 -72.4993535,-12.4373606 -72.4994655,-12.4374991 -72.4995625,-12.4376813 -72.4995849,-12.4378489 -72.4996073,-12.4380603 -72.499555,-12.4382426 -72.4995326,-12.4383665 -72.4995998,-12.4384102 -72.4996745,-12.4383446 -72.4998088,-12.4382207 -72.499988,-12.438053 -72.5001447,-12.437951 -72.5003047,-12.4379115 -72.500406,-12.4379218 -72.5005478,-12.4379947 -72.5007568,-12.4380749 -72.5009061,-12.4382061 -72.5010703,-12.4384612 -72.5012271,-12.4387966 -72.5012719,-12.4390007 -72.5012271,-12.4391319 -72.5011599,-12.4392776 -72.5010739,-12.4394564 -72.5011879,-12.4395612 -72.5012442,-12.4396044 -72.5012992,-12.4396633 -72.5013468,-12.439812 -72.5013663,-12.4398886 -72.5013784,-12.4400195 -72.5013589,-12.4401296 -72.5013033,-12.4402605 -72.5012912,-12.4403103 -72.5013039,-12.4403509 -72.5013173,-12.4403875 -72.5013287,-12.4404078 -72.501381,-12.440472 -72.5014763,-12.440582 -72.5015534,-12.4406927 -72.5015634,-12.4407208 -72.501554,-12.4407549 -72.5015346,-12.4407673 -72.5014823,-12.4407772 -72.501436,-12.4407758 -72.5013978,-12.4407477 -72.5013603,-12.4406953 -72.5013059,-12.4405761 -72.5012308,-12.4404635 -72.5011879,-12.4403954 -72.5011759,-12.4403378 -72.5011826,-12.4403103 -72.5011973,-12.4402566 -72.5012389,-12.4401557 -72.5012711,-12.440051 -72.5012684,-12.4399554 -72.5012241,-12.4398414 -72.5011651,-12.4397576 -72.5010793,-12.4396948 -72.5009143,-12.4395717 -72.5008386,-12.4395114 -72.500936,-12.4392547 -72.5008688,-12.4391527 -72.5007541,-12.439081 -72.5006374,-12.4390434 -72.5004657,-12.4388976 -72.5003015,-12.4387591 -72.5001074,-12.4386862 -72.499937,-12.4386949 -72.4998088,-12.4387226 -72.4997342,-12.4388174 -72.4998014,-12.438985 -72.4997491,-12.4391381 -72.4996371,-12.4393058 -72.4995102,-12.4393568 -72.4993311,-12.4392329 -72.4992042,-12.4390579 -72.4991072,-12.4389559 -72.4989131,-12.4389194 -72.4987701,-12.4389413 -72.4986742,-12.4389559 -72.4982711,-12.4391891 -72.4979352,-12.439488 -72.4976367,-12.4397431 -72.4976814,-12.4399035 -72.4976964,-12.4401586 -72.4978083,-12.4405741 -72.4977785,-12.4408219 -72.4976441,-12.4412593 -72.4975172,-12.441529 -72.4974575,-12.4417841 -72.4974276,-12.4420392 -72.4972709,-12.4422288 -72.4970096,-12.4425786 -72.4967334,-12.442841 -72.4965543,-12.442965 -72.4964199,-12.443344 -72.4964199,-12.4436283 -72.4963975,-12.443898 -72.4962856,-12.444 -72.4960915,-12.4441822 -72.4959198,-12.4443426 -72.4958676,-12.4445394 -72.495681,-12.4446123 -72.4954719,-12.4446196 -72.4953227,-12.4446779 -72.4952555,-12.4448601 -72.4951584,-12.4450569 -72.4949196,-12.4452392 -72.4948972,-12.445436 -72.4948823,-12.4456328 -72.4949569,-12.4457567 -72.4950241,-12.4458952 -72.4949644,-12.4460045 -72.4948524,-12.4461576 -72.4948151,-12.4462961 -72.4946732,-12.4463763 -72.4944269,-12.446369 -72.4941283,-12.4463471 -72.4939492,-12.4463908 -72.4939193,-12.446471 -72.4938148,-12.4465658 -72.4937476,-12.4466678 -72.4937327,-12.4468646 -72.4936655,-12.4469667 -72.4934192,-12.4470687 -72.493255,-12.4472437 -72.493046,-12.4473603 -72.4927922,-12.4474259 -72.4925981,-12.4475425 -72.4924563,-12.4476373 -72.4923518,-12.4478341 -72.4923667,-12.4480236 -72.4925085,-12.4480309 -72.4926019,-12.4479158 -72.4927074,-12.4477096 -72.492813,-12.4475756 -72.4929819,-12.4475241 -72.493193,-12.4474829 -72.4934569,-12.4473385 -72.4937208,-12.4472767 -72.493837,-12.447153 -72.4938475,-12.4469468 -72.4938686,-12.4468231 -72.494027,-12.4467201 -72.4941642,-12.4466891 -72.4943859,-12.446751 -72.4947659,-12.4468025 -72.4949559,-12.4468025 -72.4950826,-12.4467304 -72.4952832,-12.4465242 -72.4956421,-12.4462974 -72.4958005,-12.4461016 -72.495906,-12.4459366 -72.495906,-12.4457408 -72.4960644,-12.4455552 -72.4963072,-12.4454624 -72.4965288,-12.4454624 -72.4965922,-12.4453594 -72.4965394,-12.4452563 -72.4965711,-12.4451326 -72.4966763,-12.4449718 -72.4968704,-12.4447385 -72.4972436,-12.444549 -72.4974676,-12.4443741 -72.4974974,-12.4441554 -72.4974228,-12.4438055 -72.4974825,-12.4436597 -72.4976915,-12.4435577 -72.4979154,-12.4433827 -72.4979304,-12.4430912 -72.498051,-12.4429236 -72.4982515,-12.4425215 -72.4983465,-12.4422432 -72.4986738,-12.4420267 -72.4989905,-12.4419958 -72.4993705,-12.4420886 -72.4995816,-12.4422844 -72.4997173,-12.4425085 -72.4997173,-12.4427709 -72.4997024,-12.442975 -72.499777,-12.4431572 -72.4999338,-12.4436164 -72.5000308,-12.4438788 -72.5000383,-12.4440465 -72.4999562,-12.4441121 -72.4998741,-12.4440465 -72.4998442,-12.4439226 -72.4998741,-12.4437476 -72.499792,-12.4435946 -72.4997024,-12.4434123 -72.4996322,-12.4433088 -72.4996106,-12.4432337 -72.4995509,-12.4431025 -72.4995061,-12.4429276 -72.4994389,-12.4427089 -72.4993195,-12.4425777 -72.4991702,-12.4425413 -72.4989761,-12.4425704 -72.4988269,-12.4426725 -72.498685,-12.442811 -72.4985656,-12.4429057 -72.4985805,-12.4430078 -72.4986776,-12.4430296 -72.4988045,-12.4429422 -72.4989015,-12.4428474 -72.4990135,-12.4428037 -72.4991254,-12.442862 -72.4991615,-12.4429949 -72.4991391,-12.4431771 -72.4991764,-12.443301 -72.4992111,-12.4433815 -72.4992361,-12.4434395 -72.4992585,-12.4439425 -72.499266,-12.4442049 -72.4993556,-12.444409 -72.4994526,-12.4445329 -72.4996317,-12.4446058 -72.4997213,-12.444737 -72.4999005,-12.4449047 -72.5000721,-12.4451233 -72.5001393,-12.445291 -72.5001543,-12.4455024 -72.500199,-12.4455825 -72.500408,-12.4457283 -72.5004454,-12.4458231 -72.5003782,-12.4458741 -72.5002812,-12.4458158 -72.5001841,-12.4457065 -72.5000423,-12.4456409 -72.4999975,-12.4455534 -72.4999826,-12.4454076 -72.4998781,-12.4452472 -72.4997213,-12.4451306 -72.4994974,-12.4450869 -72.4992734,-12.445014 -72.4991465,-12.4448828 -72.4990719,-12.444737 -72.4988928,-12.4446131 -72.4987935,-12.4444913 -72.4986816,-12.444382 -72.4985472,-12.4443309 -72.4984278,-12.4443893 -72.4984427,-12.4444986 -72.4986218,-12.4445934 -72.4987861,-12.4446881 -72.498824,-12.4447458 -72.4989204,-12.4448922 -72.4992414,-12.4453368 -72.4994803,-12.4454972 -72.4996072,-12.4456138 -72.4997042,-12.4458252 -72.499749,-12.4459929 -72.4998833,-12.4460876 -72.5000326,-12.4462334 -72.5001147,-12.4464812 -72.5001819,-12.4465468 -72.5004133,-12.4466635 -72.5009413,-12.4468336 -72.5012399,-12.4470012 -72.5014414,-12.447147 -72.5015683,-12.447147 -72.5016952,-12.4471106 -72.5018595,-12.447147 -72.5020162,-12.4472272 -72.5020342,-12.4473127 -72.501897,-12.447323 -72.5016968,-12.4472417 -72.5015624,-12.447249 -72.5014132,-12.4472636 -72.5012564,-12.4471324 -72.5010773,-12.4470449 -72.5008309,-12.4469939 -72.5005473,-12.4469574 -72.5003532,-12.44687 -72.5001666,-12.4468627 -72.5000472,-12.4468335 -72.4999874,-12.4467096 -72.4998456,-12.4465274 -72.499659,-12.4463743 -72.4994276,-12.4461994 -72.4991216,-12.4460244 -72.4988752,-12.4458131 -72.4987409,-12.4457329 -72.4986513,-12.4457547 -72.4985468,-12.4458932 -72.498405,-12.4461192 -72.4982855,-12.4463014 -72.4983005,-12.4464108 -72.4983826,-12.4464181 -72.4984647,-12.4463306 -72.4985095,-12.4461629 -72.4986438,-12.445988 -72.4987707,-12.4459588 -72.4989424,-12.44609 -72.4991216,-12.4462504 -72.4993156,-12.4464035 -72.4995246,-12.4466076 -72.4996366,-12.4469064 -72.4997038,-12.4471105 -72.499868,-12.4472417 -72.5005995,-12.4474021 -72.5009354,-12.4474458 -72.5010698,-12.447526 -72.5012042,-12.4477665 -72.5012863,-12.447956 -72.5014057,-12.4480362 -72.5016744,-12.4481528 -72.5017789,-12.4482185 -72.5017789,-12.4483205 -72.501652,-12.4483642 -72.5014729,-12.4482695 -72.5012788,-12.4481456 -72.501137,-12.4480144 -72.5010773,-12.4478248 -72.5008832,-12.4476718 -72.5006891,-12.447628 -72.5003009,-12.4476864 -72.5000248,-12.4477228 -72.4996889,-12.4478103 -72.4994724,-12.4477811 -72.4993156,-12.4476062 -72.4992335,-12.4474531 -72.4991663,-12.4471251 -72.4990618,-12.4470085 -72.4989349,-12.4469574 -72.4988155,-12.4469502 -72.4987035,-12.447023 -72.4985393,-12.4471251 -72.4983975,-12.4473511 -72.4982482,-12.447475 -72.4980317,-12.4475479 -72.4977854,-12.4476062 -72.4975689,-12.4477592 -72.4974794,-12.4479342 -72.4974719,-12.4481091 -72.4973301,-12.4482403 -72.4970837,-12.4483497 -72.4968822,-12.44851 -72.4967926,-12.4488599 -72.4965538,-12.4491077 -72.4961955,-12.449443 -72.4958894,-12.4497127 -72.4954938,-12.4497564 -72.4952549,-12.4498585 -72.4952251,-12.4499824 -72.4952027,-12.4501792 -72.4949862,-12.4504197 -72.4945906,-12.4506967 -72.4943741,-12.4508352 -72.4943144,-12.4509081 -72.4943741,-12.4509664 -72.494501,-12.4509081 -72.4947623,-12.450755 -72.495128,-12.4504999 -72.4954042,-12.4501282 -72.4955983,-12.449997 -72.4959342,-12.4499897 -72.4961432,-12.4499095 -72.4965538,-12.4496252 -72.4968001,-12.4493191 -72.497039,-12.4491223 -72.4971882,-12.4487797 -72.4972928,-12.4487068 -72.4977854,-12.4485246 -72.4983602,-12.4484007 -72.4984796,-12.448459 -72.498614,-12.4486485 -72.4989704,-12.4487959 -72.4992242,-12.4487759 -72.4994848,-12.4487759 -72.4999512,-12.4489299 -72.5001776,-12.4490572 -72.5002668,-12.4492514 -72.5002873,-12.4494523 -72.5002462,-12.4495595 -72.5002736,-12.4496399 -72.5004108,-12.449727 -72.5005294,-12.4499122 -72.500571,-12.4499855 -72.5005871,-12.4500275 -72.5005804,-12.4501139 -72.5005925,-12.4501833 -72.500622,-12.4502173 -72.5006837,-12.4502684 -72.5007547,-12.4503352 -72.500795,-12.4504098 -72.5008124,-12.4505657 -72.5008379,-12.450622 -72.5008848,-12.4506809 -72.5009519,-12.4507385 -72.5010592,-12.450768 -72.501143,-12.4507818 -72.5012074,-12.4507922 -72.5012583,-12.4508158 -72.5012778,-12.4508374 -72.5012858,-12.4508767 -72.5012811,-12.450918 -72.501267,-12.4509428 -72.5012416,-12.4509756 -72.5011819,-12.4509998 -72.5010806,-12.4509965 -72.5009894,-12.450971 -72.5009331,-12.4509559 -72.5008915,-12.4509271 -72.5008567,-12.4508859 -72.5008325,-12.4508341 -72.5008017,-12.4507791 -72.5007065,-12.4506482 -72.5006461,-12.450495 -72.5005998,-12.4504328 -72.5005697,-12.4504098 -72.5005221,-12.4503896 -72.5004845,-12.4503719 -72.5004289,-12.4503562 -72.5003544,-12.4503345 -72.500331,-12.4503057 -72.5003182,-12.4502743 -72.5003041,-12.4501944 -72.500286,-12.4501512 -72.5002438,-12.4500818 -72.4999649,-12.4499614 -72.4997455,-12.449881 -72.4994642,-12.4496399 -72.4991487,-12.4495528 -72.4988126,-12.4495059 -72.498552,-12.4495193 -72.498257,-12.4494456 -72.4978935,-12.4493653 -72.4976534,-12.4493787 -72.4976122,-12.449459 -72.4977289,-12.4495059 -72.497866,-12.4495059 -72.4981884,-12.4496265 -72.4983942,-12.4497939 -72.4985657,-12.4499413 -72.4988675,-12.4500217 -72.4992064,-12.4501322 -72.4993037,-12.4501898 -72.4996872,-12.4505225 -72.4997503,-12.4506017 -72.4997992,-12.4507202 -72.4998743,-12.450899 -72.4999286,-12.4509651 -72.5001177,-12.4511419 -72.5002941,-12.4513383 -72.5003477,-12.4514005 -72.5003866,-12.4514804 -72.5004108,-12.4515531 -72.5004108,-12.451597 -72.500402,-12.4516356 -72.5003698,-12.4516533 -72.5003397,-12.4516566 -72.5003095,-12.4516441 -72.5002907,-12.451614 -72.5002726,-12.4515302 -72.5002559,-12.4514902 -72.500221,-12.4514313 -72.5001821,-12.4513874 -72.5000044,-12.4512833 -72.4997918,-12.4511511 -72.4997342,-12.4510889 -72.4996939,-12.4510345 -72.4996591,-12.4509618 -72.4995538,-12.4508125 -72.4994954,-12.450749 -72.4994619,-12.4507241 -72.4993935,-12.4506927 -72.4991582,-12.4506122 -72.4988685,-12.4505185 -72.4987766,-12.4504851 -72.4986137,-12.4504635 -72.4984112,-12.4504649 -72.4981959,-12.4504531 -72.4981269,-12.4504531 -72.4981047,-12.4504806 -72.4981,-12.4505081 -72.4981014,-12.4505336 -72.4981262,-12.4505526 -72.498153,-12.4505559 -72.4981926,-12.4505624 -72.4982717,-12.4505703 -72.4984199,-12.4506082 -72.4986559,-12.4506842 -72.4988913,-12.450789 -72.499022,-12.4508944 -72.4991166,-12.4509926 -72.4991877,-12.4510895 -72.4992192,-12.4511209 -72.4993882,-12.4512303 -72.4994297,-12.451284 -72.4994505,-12.4513187 -72.4994975,-12.4513855 -72.49959,-12.4515263 -72.4997087,-12.4516821 -72.499769,-12.4517417 -72.4998334,-12.4518078 -72.4998783,-12.4518759 -72.4999206,-12.4519492 -72.4999595,-12.4519918 -72.5000098,-12.4520232 -72.5000855,-12.4520553 -72.500117,-12.4520763 -72.5001727,-12.4521365 -72.5002659,-12.452272 -72.5003242,-12.4523264 -72.5003766,-12.4523578 -72.5005823,-12.4524061 -72.5006714,-12.4524597 -72.5006783,-12.4526204 -72.500788,-12.4527209 -72.5010281,-12.4527276 -72.5011927,-12.4528147 -72.5013436,-12.4530223 -72.5013985,-12.45325 -72.5014465,-12.4533438 -72.5015151,-12.4534644 -72.5014808,-12.4537122 -72.5013779,-12.4539198 -72.5013711,-12.4540203 -72.5014534,-12.4540672 -72.5016592,-12.4540337 -72.5017758,-12.4541341 -72.5018238,-12.4544221 -72.5017346,-12.4548441 -72.5018169,-12.4549513 -72.5018924,-12.4551857 -72.502009,-12.4553933 -72.5019815,-12.4555541 -72.5019747,-12.4556746 -72.5020433,-12.4557349 -72.5021667,-12.4557148 -72.5022696,-12.455755 -72.5023931,-12.4559023 -72.5025783,-12.4559961 -72.5026743,-12.45611 -72.5027635,-12.4563176 -72.5028801,-12.4564984 -72.5029967,-12.4565922 -72.5030379,-12.4567262 -72.5028804,-12.4568594 -72.5028522,-12.4570715 -72.5027798,-12.4575443 -72.5027704,-12.4576791 -72.5027798,-12.4579227 -72.5028321,-12.4580393 -72.5029193,-12.4581296 -72.5029421,-12.4581768 -72.5029461,-12.4582252 -72.5029327,-12.4582658 -72.5028804,-12.4582855 -72.5028241,-12.4582737 -72.5027852,-12.4582488 -72.5027503,-12.4581886 -72.5026765,-12.4579332 -72.5025988,-12.4577001 -72.5025773,-12.4575901 -72.5025626,-12.4575181 -72.5025786,-12.4574041 -72.5026631,-12.457226 -72.5027275,-12.4569969 -72.5027436,-12.4568607 -72.5027361,-12.4567262 -72.502592,-12.4565587 -72.5025234,-12.4563913 -72.5024274,-12.4563243 -72.5022765,-12.4562707 -72.5021187,-12.4561502 -72.5019884,-12.4561435 -72.5018924,-12.4561836 -72.5017415,-12.4562037 -72.5016866,-12.4560899 -72.5015906,-12.4559559 -72.5014054,-12.4557081 -72.5012888,-12.4553665 -72.5012133,-12.4550517 -72.501083,-12.4549914 -72.5008978,-12.4548642 -72.5008155,-12.4546833 -72.5007263,-12.4546097 -72.5005617,-12.454536 -72.5005,-12.4543619 -72.5005019,-12.454195 -72.5005325,-12.4540039 -72.5004759,-12.4537915 -72.5003046,-12.4536183 -72.5000293,-12.4535048 -72.4997418,-12.4533196 -72.4995032,-12.4530089 -72.4992707,-12.4527999 -72.4987446,-12.4526207 -72.4984999,-12.4525609 -72.4983164,-12.452537 -72.4982858,-12.4526087 -72.4983898,-12.4526684 -72.4985488,-12.4526565 -72.4987752,-12.4527342 -72.4989832,-12.4528716 -72.4992034,-12.4530448 -72.4994114,-12.4531882 -72.4994971,-12.4533733 -72.4995644,-12.4535048 -72.4997234,-12.4537138 -72.4999742,-12.4540006 -72.5001394,-12.4542216 -72.5002128,-12.4544068 -72.50017,-12.4544785 -72.5000721,-12.4544247 -72.499962,-12.4542097 -72.4998213,-12.4540663 -72.4995215,-12.4538333 -72.4993747,-12.4536063 -72.4992585,-12.453445 -72.4989587,-12.4532837 -72.4988119,-12.4531224 -72.4986651,-12.4530508 -72.4985488,-12.4531045 -72.4984754,-12.4532539 -72.4984509,-12.4534271 -72.4984754,-12.4534928 -72.4986161,-12.453445 -72.4987446,-12.4533733 -72.4988241,-12.4534032 -72.4989771,-12.4535884 -72.4990994,-12.4538811 -72.4991789,-12.4541081 -72.4992157,-12.4544068 -72.4993358,-12.4545612 -72.499501,-12.4546687 -72.4995927,-12.4548598 -72.4996723,-12.4551107 -72.4997395,-12.4552123 -72.4999292,-12.4551824 -72.50018,-12.4552003 -72.5003085,-12.4554273 -72.5003758,-12.4556304 -72.5004431,-12.4558634 -72.5004798,-12.4560904 -72.500541,-12.4564309 -72.5006327,-12.4567117 -72.5007061,-12.4569207 -72.500853,-12.4570701 -72.5009814,-12.4572612 -72.5010732,-12.4573747 -72.5012628,-12.4575659 -72.5013607,-12.4578347 -72.5013791,-12.4580975 -72.5014586,-12.4583066 -72.5014708,-12.4585635 -72.5013668,-12.4588622 -72.5013791,-12.459131 -72.5013485,-12.4593341 -72.5011894,-12.459573 -72.5012322,-12.4597462 -72.5013118,-12.4599553 -72.5017033,-12.4606184 -72.501948,-12.4611321 -72.5020153,-12.4614188 -72.5021621,-12.4616578 -72.5024925,-12.4618191 -72.5028657,-12.4618549 -72.5030981,-12.4618668 -72.5031165,-12.4619445 -72.5030002,-12.4620759 -72.5028106,-12.4620879 -72.5025965,-12.4620341 -72.5023946,-12.4619744 -72.5021744,-12.4619505 -72.5019725,-12.4618907 -72.5017522,-12.4617414 -72.5016482,-12.4614726 -72.5015504,-12.4612695 -72.5014341,-12.4611082 -72.5012995,-12.4609947 -72.5011466,-12.4608095 -72.5009447,-12.460714 -72.5008774,-12.4607797 -72.5009447,-12.4608812 -72.5010977,-12.4609768 -72.5012506,-12.461162 -72.5012995,-12.4612814 -72.5013301,-12.4614845 -72.5012322,-12.4614965 -72.501116,-12.4613531 -72.5009875,-12.4611739 -72.5008652,-12.4610724 -72.5007734,-12.4611321 -72.5007367,-12.4612576 -72.5007245,-12.4614905 -72.5006694,-12.461616 -72.5004859,-12.4617354 -72.500437,-12.4618489 -72.5004308,-12.4619803 -72.5001984,-12.4622193 -72.5001861,-12.4624343 -72.5002779,-12.4627987 -72.5002228,-12.463181 -72.500021,-12.4635394 -72.499813,-12.4637545 -72.4998007,-12.46385 -72.4998741,-12.4639337 -72.4999904,-12.4640651 -72.5001372,-12.4642622 -72.5002412,-12.4645669 -72.5002779,-12.4647998 -72.5001861,-12.4649969 -72.5001066,-12.4651821 -72.5001739,-12.4653613 -72.5003207,-12.4656958 -72.5004003,-12.4658631 -72.5006388,-12.4659467 -72.5007428,-12.4660542 -72.5007428,-12.4661976 -72.5007857,-12.4664604 -72.5008835,-12.4665978 -72.5010181,-12.466783 -72.5010854,-12.4669682 -72.5010793,-12.4671952 -72.5010671,-12.4673445 -72.501165,-12.4674281 -72.5013179,-12.4675476 -72.5013852,-12.4677148 -72.5016115,-12.4680792 -72.5016788,-12.4682286 -72.5016727,-12.4684078 -72.5015748,-12.4686646 -72.5015626,-12.4689095 -72.5015565,-12.4691066 -72.5015504,-12.4693157 -72.5015014,-12.469471 -72.501269,-12.4696203 -72.5010671,-12.4697458 -72.5009202,-12.4698891 -72.5009264,-12.4700146 -72.5008713,-12.47014 -72.5007123,-12.4702356 -72.5005532,-12.4704267 -72.5004737,-12.4706298 -72.5003574,-12.4709464 -72.5002412,-12.4711017 -72.4999843,-12.4712749 -72.4999231,-12.4714422 -72.4998497,-12.4716632 -72.4998435,-12.4718723 -72.5000026,-12.471932 -72.5002412,-12.4718842 -72.5003819,-12.4719559 -72.5004003,-12.4720873 -72.5002963,-12.4722068 -72.5000577,-12.4722785 -72.4999292,-12.4723919 -72.4998313,-12.4726309 -72.4997151,-12.4728698 -72.4997212,-12.4731506 -72.49966,-12.4733059 -72.4994275,-12.4734731 -72.499189,-12.4735448 -72.4987974,-12.4736762 -72.4986567,-12.4738494 -72.4985711,-12.4741361 -72.4984365,-12.4744587 -72.4982591,-12.4745662 -72.4977085,-12.4747155 -72.497421,-12.4746976 -72.497213,-12.4745543 -72.4970539,-12.4744467 -72.4967847,-12.4743392 -72.4964054,-12.4741959 -72.4961424,-12.4741541 -72.4956713,-12.4742078 -72.495237,-12.4742198 -72.4949188,-12.4742855 -72.4945334,-12.4744467 -72.4942704,-12.4745005 -72.4940869,-12.4744527 -72.4938789,-12.4743691 -72.4935913,-12.4742675 -72.4934873,-12.4743094 -72.4935363,-12.474399 -72.4936953,-12.4745005 -72.49394,-12.4745782 -72.4941358,-12.4746618 -72.4940869,-12.4747514 -72.4939523,-12.4747633 -72.4937381,-12.4746916 -72.4935179,-12.4745841 -72.4933344,-12.4745543 -72.4931631,-12.4745901 -72.4930897,-12.4747275 -72.4930346,-12.474829 -72.4929,-12.4748171 -72.4928266,-12.4747573 -72.4926737,-12.4747992 -72.4924718,-12.4748529 -72.4923433,-12.4747633 -72.4921904,-12.4747335 -72.4918967,-12.4747932 -72.491077,-12.4749843 -72.490661,-12.4750918 -72.4904407,-12.4751874 -72.4901838,-12.4752412 -72.4899697,-12.4752233 -72.48978,-12.475289 -72.489621,-12.4754144 -72.4894925,-12.4754144 -72.4892845,-12.4754323 -72.4889542,-12.475504 -72.4887462,-12.4756294 -72.4883669,-12.475725 -72.4879814,-12.475731 -72.4877306,-12.4755518 -72.4876083,-12.4753965 -72.4874431,-12.4754025 -72.4874247,-12.4754921 -72.487492,-12.4755757 -72.4876817,-12.475725 -72.4879386,-12.4759341 -72.4882384,-12.4759639 -72.4885626,-12.4759042 -72.4890949,-12.4758743 -72.4894436,-12.4758803 -72.4897189,-12.4758445 -72.4898167,-12.4758803 -72.4897862,-12.4759639 -72.4896271,-12.4760177 -72.4893946,-12.4761013 -72.4891377,-12.4761073 -72.4889419,-12.4760535 -72.4886483,-12.4761431 -72.4881772,-12.4762566 -72.4877857,-12.4763223 -72.4875716,-12.4764358 -72.4873085,-12.4764836 -72.4871311,-12.4765135 -72.4868864,-12.4766927 -72.4867029,-12.4767404 -72.4863419,-12.4769555 -72.4857669,-12.4773079 -72.4856384,-12.4774333 -72.4856323,-12.477499 -72.4856935,-12.4775408 -72.4858586,-12.4775349 -72.4863236,-12.4773915 -72.4866233,-12.4773198 -72.4867396,-12.4773557 -72.4867702,-12.4774333 -72.4866662,-12.4775349 -72.4863372,-12.4776572 -72.4858787,-12.4778177 -72.4855153,-12.4778177 -72.4851606,-12.4777924 -72.4847453,-12.4778177 -72.4843992,-12.4777417 -72.4841743,-12.4777164 -72.4839407,-12.4778515 -72.4838282,-12.4780374 -72.4836112,-12.4782102 -72.4835622,-12.4783595 -72.4835439,-12.4785805 -72.48355,-12.4787657 -72.4836846,-12.4788971 -72.4838253,-12.4790405 -72.483862,-12.4792316 -72.483966,-12.479369 -72.4840333,-12.4795482 -72.4839904,-12.4796915 -72.4839048,-12.4798827 -72.483966,-12.4801156 -72.4841556,-12.4804501 -72.4843636,-12.4805576 -72.4844921,-12.4806711 -72.48459,-12.4808264 -72.4847184,-12.480922 -72.4849937,-12.4809578 -72.4851895,-12.4810176 -72.4853486,-12.4811967 -72.4855871,-12.4812983 -72.4857951,-12.4813162 -72.486309,-12.4812863 -72.4867006,-12.4812923 -72.486933,-12.48137 -72.4872267,-12.4814357 -72.4873674,-12.4815432 -72.4874163,-12.4817284 -72.4874897,-12.4818777 -72.48771,-12.4821763 -72.4878996,-12.4824571 -72.4882055,-12.4828632 -72.4884991,-12.4834366 -72.4886215,-12.4836099 -72.4888111,-12.4836875 -72.4891415,-12.4836756 -72.4894657,-12.4836815 -72.489533,-12.483801 -72.4895758,-12.48401 -72.4896554,-12.4840937 -72.489741,-12.4841235 -72.4901142,-12.4841474 -72.4904507,-12.4842012 -72.4906648,-12.484231 -72.4909034,-12.4843147 -72.4910318,-12.484464 -72.490989,-12.4845835 -72.4909278,-12.4847507 -72.490989,-12.4848522 -72.491142,-12.4848821 -72.4912704,-12.4847985 -72.4914295,-12.4845835 -72.4915457,-12.4843983 -72.4917293,-12.4843804 -72.4921636,-12.4844282 -72.4925429,-12.4844043 -72.4927203,-12.4843983 -72.4928916,-12.4844998 -72.4933137,-12.4848463 -72.4934911,-12.4850016 -72.4935829,-12.4852285 -72.4937481,-12.4853241 -72.4938704,-12.4854675 -72.4939438,-12.4854913 -72.494005,-12.4854555 -72.4940907,-12.4853181 -72.4942497,-12.4852465 -72.4944333,-12.4852465 -72.4945495,-12.4853719 -72.4946474,-12.485557 -72.4947085,-12.4857601 -72.494733,-12.4859035 -72.4948187,-12.4860229 -72.4950878,-12.4862439 -72.4952285,-12.4863992 -72.4952652,-12.4865724 -72.4952897,-12.4867994 -72.4953142,-12.4870085 -72.495406,-12.4871936 -72.4953937,-12.4873907 -72.4954732,-12.4875341 -72.495565,-12.4877073 -72.4955772,-12.4878626 -72.4955283,-12.4880955 -72.4955405,-12.4882688 -72.4956017,-12.4884599 -72.4956323,-12.4886869 -72.495565,-12.488884 -72.495253,-12.4892125 -72.495045,-12.4894096 -72.4950022,-12.4894992 -72.4950328,-12.4895649 -72.4952408,-12.4896186 -72.4954916,-12.4896843 -72.495773,-12.4896843 -72.4959504,-12.4896485 -72.4961768,-12.4896306 -72.4963909,-12.4897202 -72.4965316,-12.4896186 -72.4966478,-12.4894215 -72.496813,-12.4892782 -72.4971372,-12.4893021 -72.4974248,-12.4893319 -72.4977612,-12.4893021 -72.49811,-12.4891169 -72.4983547,-12.4889437 -72.4985382,-12.4889497 -72.498685,-12.4889974 -72.4988257,-12.4891229 -72.4989297,-12.4892005 -72.4990827,-12.4891886 -72.4992968,-12.4891288 -72.4995904,-12.489087 -72.4997311,-12.4891946 -72.4998045,-12.4893737 -72.4997678,-12.4895708 -72.4996149,-12.4898038 -72.4993457,-12.4901203 -72.4991194,-12.4903234 -72.4989909,-12.4905504 -72.4989052,-12.4907833 -72.4989481,-12.4909625 -72.4991744,-12.49107 -72.4995354,-12.4912492 -72.4997801,-12.491291 -72.5000492,-12.4913448 -72.5002083,-12.4914224 -72.5003735,-12.4916315 -72.5005754,-12.4918345 -72.5007711,-12.4919122 -72.5010342,-12.4919062 -72.5011688,-12.4919958 -72.5012972,-12.4922706 -72.5014624,-12.492402 -72.5016031,-12.4924796 -72.5017866,-12.4925154 -72.5019212,-12.492623 -72.502013,-12.492832 -72.5020864,-12.4930411 -72.5022699,-12.4931904 -72.5024535,-12.4933218 -72.5025085,-12.493489 -72.5024168,-12.4936801 -72.5023189,-12.4938653 -72.5022689,-12.494062 -72.5023122,-12.494231 -72.5022948,-12.494383 -72.502217,-12.4944506 -72.5021305,-12.4945942 -72.5021045,-12.4947631 -72.5021218,-12.4949996 -72.5022083,-12.495101 -72.5022689,-12.4952277 -72.5022775,-12.495422 -72.50239,-12.4954727 -72.5025544,-12.4955402 -72.5026582,-12.4957261 -72.5027707,-12.4960808 -72.5028312,-12.4965707 -72.5028053,-12.4968917 -72.5026496,-12.4971366 -72.5022516,-12.4973985 -72.5018796,-12.4976519 -72.5015508,-12.4978377 -72.5012393,-12.4979391 -72.5011009,-12.49788 -72.5008068,-12.4976772 -72.500651,-12.4975421 -72.5006164,-12.4974323 -72.5005559,-12.4973394 -72.5003828,-12.4972211 -72.5001752,-12.4970775 -72.5000887,-12.4969001 -72.4999503,-12.4967819 -72.4997859,-12.4967565 -72.4995609,-12.4967988 -72.4993965,-12.4967819 -72.4992235,-12.4967059 -72.499163,-12.4965538 -72.4990072,-12.4965116 -72.4987304,-12.4963849 -72.4984449,-12.4962329 -72.4982891,-12.4961737 -72.4982372,-12.496292 -72.4982372,-12.4964187 -72.4983151,-12.4965707 -72.4984968,-12.496841 -72.4986698,-12.497086 -72.4988342,-12.4973056 -72.4988861,-12.4975252 -72.4988688,-12.4977279 -72.498964,-12.4978884 -72.499163,-12.4981334 -72.4994571,-12.4986148 -72.4997167,-12.4991638 -72.4998637,-12.4993581 -72.4999156,-12.4994933 -72.499907,-12.4997298 -72.499881,-12.5000423 -72.4999503,-12.5002281 -72.500106,-12.5003801 -72.5004088,-12.5004393 -72.5006943,-12.5004393 -72.5008846,-12.5005575 -72.5011182,-12.5007687 -72.5011961,-12.5009461 -72.5013172,-12.5015373 -72.5014816,-12.5017992 -72.5016892,-12.5019934 -72.5016892,-12.5022637 -72.5017325,-12.5025425 -72.5018363,-12.5028888 -72.5020093,-12.5030323 -72.5022516,-12.5030661 -72.5025371,-12.5030661 -72.5026842,-12.5030155 -72.5026582,-12.5028381 -72.5025977,-12.5025425 -72.5026236,-12.502213 -72.502762,-12.5020103 -72.5033936,-12.5017992 -72.5036878,-12.5016133 -72.5039992,-12.501343 -72.504103,-12.5010136 -72.5043193,-12.5007856 -72.5046048,-12.5007011 -72.5048817,-12.50087 -72.5051931,-12.5010897 -72.5053316,-12.5011488 -72.5056776,-12.501267 -72.5058766,-12.5014191 -72.50624,-12.5016302 -72.5068283,-12.5017654 -72.5072436,-12.5018161 -72.5074685,-12.5017992 -72.507953,-12.5020441 -72.5086365,-12.5021624 -72.5092075,-12.5022637 -72.5094152,-12.5024073 -72.509692,-12.5027029 -72.5097526,-12.5028972 -72.5097093,-12.5030323 -72.5097353,-12.5031253 -72.5098477,-12.5031844 -72.5100727,-12.5033449 -72.5102284,-12.5035138 -72.5103236,-12.5040713 -72.5103668,-12.5042317 -72.5105485,-12.5044429 -72.51086,-12.5050004 -72.5108859,-12.5052453 -72.5108254,-12.5053805 -72.5106523,-12.5054396 -72.5105485,-12.5055325 -72.5106177,-12.5056676 -72.5105745,-12.5058619 -72.510635,-12.5059717 -72.5108081,-12.5060731 -72.5108254,-12.5062082 -72.5107821,-12.5063687 -72.5103409,-12.5070951 -72.5100208,-12.5075681 -72.5098045,-12.5076694 -72.5093719,-12.507813 -72.509121,-12.5078468 -72.5089653,-12.5078046 -72.5086971,-12.5077877 -72.5084202,-12.5078046 -72.5082731,-12.5079059 -72.5082904,-12.5080242 -72.5083856,-12.5081931 -72.5084981,-12.508438 -72.508524,-12.5085901 -72.5086625,-12.5092404 -72.5087317,-12.5097219 -72.5088355,-12.509857 -72.5090431,-12.5102371 -72.509121,-12.5104482 -72.5091009,-12.5106699 -72.5088256,-12.5108849 -72.5084341,-12.5111775 -72.5082628,-12.5113388 -72.5082077,-12.5114881 -72.5083668,-12.511709 -72.5085258,-12.5118285 -72.5085381,-12.5119718 -72.508483,-12.5120495 -72.508324,-12.5121331 -72.5082995,-12.5122107 -72.5083851,-12.5124078 -72.5083423,-12.5126049 -72.5083668,-12.5128139 -72.5083301,-12.5129812 -72.5081037,-12.5131544 -72.5079018,-12.5133156 -72.507755,-12.5134769 -72.5075531,-12.5138531 -72.5073574,-12.5142473 -72.5071004,-12.514534 -72.5068924,-12.5148385 -72.5066783,-12.5151192 -72.5065315,-12.5153701 -72.5065315,-12.5155492 -72.5065621,-12.5157941 -72.506556,-12.5160629 -72.5066477,-12.5162002 -72.5067945,-12.5163436 -72.5068312,-12.5164451 -72.5067701,-12.5165765</coordinates></LineString></Placemark><Placemark><ExtendedData><Data name="@id"><value>way/292997093</value></Data><Data name="bridge"><value>yes</value></Data><Data name="highway"><value>secondary</value></Data><Data name="layer"><value>1</value></Data><Data name="ref"><value>CU-104</value></Data><Data name="source"><value>MapBox; http://www.mtc.gob.pe/portal/transportes/red_vial/mapas_redvial.htm</value></Data><Data name="surface"><value>dirt</value></Data></ExtendedData><LineString><coordinates>-72.4635196,-12.4337021 -72.4637361,-12.433706</coordinates></LineString></Placemark><Placemark><ExtendedData><Data name="@id"><value>way/294609885</value></Data><Data name="highway"><value>primary</value></Data><Data name="ref"><value>CU-104</value></Data><Data name="source"><value>bing ; http://www.mtc.gob.pe/estadisticas/estadistica/mapas/TRANSPORTES/VIAL/08_CUSCO_VIAL.pdf</value></Data><Data name="surface"><value>dirt</value></Data></ExtendedData><LineString><coordinates>-72.0031814,-12.93225 -72.0032133,-12.9321693 -72.0032363,-12.9319802 -72.0032513,-12.9318993 -72.0032979,-12.9318364 -72.0034367,-12.9318104 -72.0035814,-12.9318235 -72.003717,-12.9318013 -72.0039188,-12.9317844 -72.0040295,-12.9317944 -72.0041188,-12.9318469 -72.0041608,-12.9319046 -72.0042206,-12.9320225 -72.0042696,-12.9320438 -72.0043238,-12.9320318 -72.0043644,-12.9320093 -72.0043656,-12.9318967 -72.0042731,-12.9317805 -72.0042261,-12.931689 -72.0041655,-12.9315951 -72.0040775,-12.9313946 -72.0039994,-12.9312545 -72.0038894,-12.9310575 -72.0038742,-12.9309177 -72.0038282,-12.9307848 -72.0037294,-12.9307062 -72.0035744,-12.9306329 -72.0033979,-12.9305645 -72.003187,-12.9304807 -72.0030619,-12.9304296 -72.0028888,-12.9302818 -72.0026532,-12.9301541 -72.0024577,-12.9300506 -72.0023465,-12.9299716 -72.0022894,-12.9299032 -72.002192,-12.9297662 -72.0021769,-12.9296958 -72.0021633,-12.9296349 -72.0022585,-12.929435 -72.0022733,-12.9292526 -72.0023832,-12.9289891 -72.0023981,-12.9287141 -72.0024575,-12.9284507 -72.0024585,-12.9280847 -72.0025116,-12.9277139 -72.0024939,-12.9274465 -72.0023877,-12.9272137 -72.0023612,-12.9270067 -72.0023015,-12.9267669 -72.0021753,-12.9265313 -72.0020012,-12.9263888 -72.0017803,-12.9261926 -72.0014381,-12.925901 -72.0012755,-12.9256571 -72.0010252,-12.9255839 -72.0008125,-12.9253522 -72.0006123,-12.9250838 -72.0004621,-12.9249131 -72.0003745,-12.9245716 -72.0003232,-12.9242034 -72.0003014,-12.9239967 -72.0003049,-12.9238088 -72.0002736,-12.9236868 -72.0002127,-12.9235881 -72.0001596,-12.9234842 -72.0000391,-12.9232394 -72.0000034,-12.9231373 -72.0000013,-12.922972 -72.0000295,-12.9228649 -72.0000391,-12.9227142 -72.0000261,-12.9225615 -72.0000076,-12.9224854 -71.9999299,-12.9223956 -71.9997717,-12.9222872 -71.9996181,-12.9222688 -71.9994693,-12.9223201 -71.9994141,-12.9223573 -71.9993572,-12.9224665 -71.9993109,-12.9224692 -71.9992906,-12.9224296 -71.9993475,-12.9223421 -71.9994233,-12.9222018 -71.9994919,-12.922098 -71.999588,-12.9220449 -71.999712,-12.9220623 -71.9998327,-12.9221111 -71.9999924,-12.9221661 -72.0001459,-12.9222438 -72.000249,-12.9223098 -72.0003443,-12.9224395 -72.0004107,-12.9225417 -72.000452,-12.9227596 -72.0005396,-12.9231 -72.0005729,-12.9231978 -72.0006374,-12.9232774 -72.000765,-12.9234156 -72.0008403,-12.9235491 -72.0009355,-12.9237647 -72.0009854,-12.9239213 -72.0010481,-12.9240635 -72.0011381,-12.924159 -72.0012864,-12.9242315 -72.0014735,-12.9242464 -72.0018552,-12.9242708 -72.0022118,-12.9242342 -72.0024495,-12.9242525 -72.0027499,-12.9243501 -72.0029688,-12.9244294 -72.0030126,-12.9245452 -72.0029376,-12.9246489 -72.0027811,-12.9247099 -72.0026998,-12.9247952 -72.002606,-12.9249782 -72.0025934,-12.9251184 -72.002631,-12.9252099 -72.0027436,-12.9251977 -72.0027749,-12.9251001 -72.0027624,-12.9249721 -72.0028187,-12.9248257 -72.0029688,-12.9247526 -72.0032316,-12.9247404 -72.0034005,-12.9246428 -72.0034506,-12.9245147 -72.003388,-12.9243257 -72.0028786,-12.9240588 -72.0026287,-12.9239351 -72.0024925,-12.9238941 -72.0023624,-12.9238692 -72.0022727,-12.923916 -72.0021345,-12.9239409 -72.0019657,-12.9239158 -72.0017722,-12.9238425 -72.0016021,-12.9237611 -72.0015173,-12.9236549 -72.0014517,-12.92345 -72.0014042,-12.9231618 -72.0014497,-12.9229993 -72.0015701,-12.9227074 -72.0016524,-12.9225288 -72.0015916,-12.9223677 -72.0015391,-12.9222261 -72.0014905,-12.9220432 -72.0014229,-12.92182 -72.0013607,-12.9216743 -72.0012428,-12.921642 -72.0011275,-12.9216541 -72.0010385,-12.921637 -72.0009397,-12.921523 -72.0008396,-12.9213503 -72.0007025,-12.9212812 -72.0005655,-12.9212463 -72.0004267,-12.9212196 -72.0002812,-12.9210837 -72.0002075,-12.9209629 -72.0000994,-12.9208468 -71.9999838,-12.9207282 -71.9998696,-12.9206874 -71.9997711,-12.9205979 -71.9996474,-12.9205823 -71.999517,-12.9206521 -71.9994091,-12.9206815 -71.9993212,-12.9206315 -71.9992131,-12.9205775 -71.9990463,-12.9205903 -71.9989131,-12.9206365 -71.9987073,-12.9206114 -71.9985259,-12.9206114 -71.9982506,-12.9205504 -71.997919,-12.9203736 -71.9978064,-12.9201906 -71.9977688,-12.9200077 -71.9978064,-12.9198613 -71.997725,-12.9196967 -71.9977,-12.9195686 -71.9977626,-12.9194101 -71.9977313,-12.9192881 -71.9976812,-12.9191295 -71.9976562,-12.9189405 -71.9975999,-12.918849 -71.997506,-12.9188673 -71.9974435,-12.9190808 -71.9973809,-12.9192942 -71.9972933,-12.9194344 -71.9971307,-12.9194832 -71.9970493,-12.9195198 -71.9968929,-12.9196906 -71.9967615,-12.9198003 -71.9964737,-12.9198613 -71.9961671,-12.9198186 -71.9958668,-12.9197638 -71.9957292,-12.9196052 -71.9956541,-12.9194101 -71.9955102,-12.919221 -71.9953663,-12.9191356 -71.9952787,-12.9190625 -71.9952975,-12.918971 -71.9954164,-12.9189283 -71.9955102,-12.9190198 -71.9956729,-12.9191356 -71.9958043,-12.9192332 -71.9959982,-12.919282 -71.9961171,-12.919282 -71.9962109,-12.9193125 -71.9962422,-12.9194162 -71.9963048,-12.9195076 -71.9964237,-12.919532 -71.9965801,-12.9194893 -71.9966927,-12.919404 -71.9968178,-12.9192027 -71.996943,-12.9188795 -71.9969617,-12.918599 -71.9968929,-12.9182758 -71.9967865,-12.9180197 -71.9966739,-12.9179221 -71.9965988,-12.9178184 -71.9965551,-12.9175623 -71.9964549,-12.9172879 -71.9962673,-12.917044 -71.9961859,-12.9168366 -71.9960983,-12.9165683 -71.9960733,-12.916361 -71.996042,-12.9162451 -71.9959231,-12.916239 -71.9958856,-12.9163427 -71.9959294,-12.9165134 -71.9959982,-12.9166842 -71.995992,-12.9169342 -71.9959794,-12.9173062 -71.9960107,-12.9174576 -71.9960796,-12.9176222 -71.9961523,-12.9177558 -71.9961836,-12.9178655 -71.9961335,-12.9180119 -71.9960835,-12.91814 -71.9960835,-12.9182985 -71.9960647,-12.9183839 -71.9959896,-12.9184266 -71.9958395,-12.9184144 -71.9955955,-12.9182741 -71.9953139,-12.9181339 -71.9952076,-12.9180058 -71.9951763,-12.9178472 -71.9951575,-12.917707 -71.99512,-12.9175728 -71.9949886,-12.9175118 -71.9948384,-12.9175362 -71.994707,-12.9175728 -71.9945569,-12.9175057 -71.9943504,-12.9174265 -71.9941439,-12.9173228 -71.9939862,-12.9172092 -71.9938971,-12.9169892 -71.9938318,-12.9168271 -71.9937545,-12.9166447 -71.9937486,-12.916442 -71.9937634,-12.916196 -71.9937575,-12.9160657 -71.9937724,-12.9158804 -71.9938139,-12.9157733 -71.9938585,-12.915669 -71.9938882,-12.9155851 -71.9939476,-12.9155069 -71.994203,-12.9154114 -71.9944644,-12.9152637 -71.9945139,-12.9152134 -71.9946278,-12.9149702 -71.9947517,-12.9147891 -71.9948387,-12.9147214 -71.9948512,-12.9145873 -71.9949012,-12.9144104 -71.9950076,-12.914319 -71.9952766,-12.9142092 -71.9954643,-12.9141482 -71.9955644,-12.914014 -71.995602,-12.9138433 -71.9955832,-12.9136786 -71.9955332,-12.9135323 -71.9955644,-12.9134042 -71.9956395,-12.9132639 -71.9956207,-12.9131115 -71.9955644,-12.9129285 -71.9955895,-12.9127639 -71.9956207,-12.9126297 -71.9955957,-12.9125139 -71.9955206,-12.9123797 -71.9954706,-12.9122028 -71.995358,-12.912026 -71.9952829,-12.9119162 -71.9951202,-12.9118369 -71.9949888,-12.9117333 -71.9949263,-12.9115808 -71.9949951,-12.9114344 -71.9952203,-12.9113125 -71.9954018,-12.911221 -71.9956771,-12.9109954 -71.9960212,-12.9106782 -71.9964028,-12.9104404 -71.9965968,-12.9103733 -71.9967344,-12.9103794 -71.9968721,-12.9103611 -71.9968908,-12.910294 -71.996847,-12.910227 -71.9967407,-12.9102209 -71.9965154,-12.9102514 -71.9961838,-12.9103794 -71.9957334,-12.9106417 -71.9954956,-12.9106904 -71.995164,-12.9107636 -71.9948262,-12.9109893 -71.9945196,-12.9113186 -71.9943632,-12.911532 -71.9943319,-12.9116906 -71.9944195,-12.9118674 -71.9945947,-12.9120931 -71.9946635,-12.9122394 -71.9946572,-12.9123614 -71.9945071,-12.9124773 -71.9943444,-12.9125809 -71.9942881,-12.9126785 -71.9943256,-12.9127883 -71.9942881,-12.912898 -71.9942255,-12.9129712 -71.9941698,-12.913033 -71.9941173,-12.9130835 -71.9940638,-12.9131067 -71.9940163,-12.9130821 -71.9940222,-12.9130386 -71.9940549,-12.9129778 -71.9941202,-12.9129127 -71.9941529,-12.9128201 -71.9941692,-12.9126579 -71.9942064,-12.9125407 -71.9942756,-12.9124468 -71.9943694,-12.9123431 -71.9943507,-12.9122394 -71.9942631,-12.9120809 -71.9942068,-12.9119955 -71.9941505,-12.9119223 -71.9940626,-12.9118877 -71.9940037,-12.9117997 -71.99401,-12.9116728 -71.9940058,-12.9114906 -71.994071,-12.9113391 -71.9941193,-12.9112306 -71.994176,-12.9110422 -71.9944633,-12.9106112 -71.9947511,-12.9103489 -71.9952266,-12.9100867 -71.9955832,-12.9098123 -71.9959273,-12.9096171 -71.9962089,-12.9095622 -71.9966093,-12.9094464 -71.9971286,-12.909361 -71.9976666,-12.9093 -71.9979857,-12.909361 -71.9981484,-12.9094159 -71.998261,-12.9093793 -71.998261,-12.9092817 -71.9981109,-12.9092085 -71.9975227,-12.9091171 -71.9969847,-12.9090866 -71.9966906,-12.909111 -71.9963027,-12.9089829 -71.9959774,-12.9089524 -71.9956207,-12.9088914 -71.9954643,-12.9089463 -71.9950827,-12.9092207 -71.9949075,-12.9094159 -71.9947135,-12.9094647 -71.9945008,-12.9095622 -71.9943382,-12.9097147 -71.9942193,-12.9098367 -71.9941505,-12.9099098 -71.9939788,-12.9100253 -71.9936491,-12.910393 -71.9934739,-12.9106101 -71.9930907,-12.9110473 -71.9928709,-12.9113687 -71.9927536,-12.9115742 -71.9926882,-12.9117658 -71.9926822,-12.9119076 -71.9925783,-12.9119713 -71.9922605,-12.9120176 -71.9919605,-12.9120784 -71.9918001,-12.9120871 -71.9916218,-12.9120118 -71.9912832,-12.9119076 -71.9910694,-12.9118468 -71.9908258,-12.9119076 -71.9906773,-12.91198 -71.9904842,-12.9120118 -71.990303,-12.912035 -71.9901753,-12.9121016 -71.9900179,-12.9121711 -71.9898634,-12.9121942 -71.989706,-12.9121827 -71.9896258,-12.9121074 -71.9895694,-12.9119713 -71.9895575,-12.9118874 -71.9895813,-12.9117455 -71.9896822,-12.911621 -71.9897298,-12.9115023 -71.9897832,-12.9113662 -71.9898159,-12.9112938 -71.9899288,-12.9112794 -71.9899852,-12.9113083 -71.9900416,-12.911401 -71.9900535,-12.9115255 -71.9901189,-12.9116268 -71.990205,-12.9116528 -71.9903149,-12.9116094 -71.990511,-12.9115283 -71.9906951,-12.9114733 -71.9907991,-12.9113575 -71.9909595,-12.9112794 -71.9910991,-12.9112041 -71.9912119,-12.911097 -71.9913694,-12.9109551 -71.9914852,-12.9108798 -71.9916189,-12.9108306 -71.9917733,-12.9108132 -71.9919278,-12.9107409 -71.9920525,-12.9107409 -71.9921951,-12.9107669 -71.9923109,-12.9107495 -71.9924149,-12.9106511 -71.9925664,-12.9105092 -71.9926911,-12.9102805 -71.9927892,-12.9100605 -71.9929139,-12.9098231 -71.9930832,-12.909603 -71.9932406,-12.9094033 -71.993404,-12.9092411 -71.9935258,-12.9090819 -71.99371,-12.9089082 -71.9938644,-12.9087055 -71.9941619,-12.9084447 -71.9945778,-12.9078409 -71.994914,-12.9073062 -71.9952591,-12.9070389 -71.9954715,-12.9069871 -71.9960112,-12.9071424 -71.9963481,-12.9072135 -71.996489,-12.9072631 -71.9966394,-12.9072795 -71.9968252,-12.9072631 -71.9969491,-12.9071941 -71.9972411,-12.9072286 -71.997887,-12.9073148 -71.9983391,-12.9073925 -71.9987833,-12.9074717 -71.9990335,-12.9074717 -71.9993276,-12.9075998 -71.999434,-12.9077584 -71.9995966,-12.9078194 -71.9998594,-12.9079413 -71.9999971,-12.9080938 -72.000166,-12.9083011 -72.0002473,-12.9084475 -72.0003349,-12.908478 -72.000385,-12.9084048 -72.0003224,-12.9082767 -72.0001722,-12.9080999 -72.0000033,-12.9078498 -71.9997093,-12.9075327 -71.9993276,-12.9071241 -71.9991024,-12.9070631 -71.9988959,-12.9070388 -71.9986394,-12.90699 -71.998314,-12.9068131 -71.9979637,-12.9066911 -71.9974569,-12.9064289 -71.9970565,-12.9063252 -71.9967687,-12.9062033 -71.9965059,-12.9061667 -71.9962494,-12.9061545 -71.9959741,-12.9061423 -71.99568,-12.9060264 -71.9953109,-12.9058556 -71.9950669,-12.9057032 -71.9948166,-12.9055751 -71.9947343,-12.9055846 -71.994654,-12.9056666 -71.9945288,-12.9058252 -71.9943536,-12.9059593 -71.9941668,-12.9060621 -71.9940347,-12.9061906 -71.9939822,-12.9062827 -71.9939318,-12.9063625 -71.9938688,-12.9063953 -71.9937869,-12.9063605 -71.9937638,-12.9062786 -71.9937533,-12.9061537 -71.9937176,-12.9059695 -71.9936923,-12.905775 -71.9936349,-12.9056147 -71.9935547,-12.9054207 -71.9935279,-12.9052325 -71.9934863,-12.9049633 -71.9933764,-12.9046737 -71.993244,-12.9044327 -71.9930717,-12.9042034 -71.9930423,-12.904056 -71.9930297,-12.9039086 -71.9929961,-12.9038185 -71.9928953,-12.9037038 -71.9928155,-12.9035605 -71.9926811,-12.9033681 -71.9926223,-12.9032371 -71.9926685,-12.9031388 -71.9927137,-12.9031336 -71.9927399,-12.9031306 -71.9927819,-12.9031593 -71.9928533,-12.9033189 -71.9929793,-12.9035155 -71.9931138,-12.9036506 -71.9932272,-12.903843 -71.9933196,-12.9039945 -71.9934582,-12.904101 -71.9936052,-12.9042197 -71.9937733,-12.9042934 -71.9938867,-12.9043835 -71.9939539,-12.9044531 -71.9939791,-12.9045604 -71.9939959,-12.9046833 -71.9940085,-12.9047549 -71.9940526,-12.9048143 -71.9941303,-12.9048348 -71.9941713,-12.9047969 -71.9942141,-12.9046978 -71.9942516,-12.9044904 -71.9943392,-12.9043258 -71.9944894,-12.9042648 -71.9947584,-12.904277 -71.9950462,-12.9043197 -71.9954404,-12.9042953 -71.9956243,-12.9043604 -71.9957663,-12.9043636 -71.995887,-12.9043492 -71.9959591,-12.9043214 -71.9959679,-12.9042551 -71.9959525,-12.9041542 -71.9958293,-12.9039123 -71.9957773,-12.9037734 -71.995703,-12.9036751 -71.9956006,-12.903604 -71.9955153,-12.9035165 -71.9953276,-12.9032543 -71.9951862,-12.9029077 -71.9951837,-12.9026139 -71.9951565,-12.902346 -71.9951149,-12.9018394 -71.9951486,-12.9014168 -71.9951987,-12.9011607 -71.9951611,-12.9009411 -71.9950736,-12.9007277 -71.995011,-12.9004715 -71.9949985,-12.900313 -71.9949797,-12.8998983 -71.9948796,-12.899697 -71.9948233,-12.8994957 -71.9947983,-12.8993006 -71.9948608,-12.8990932 -71.9948358,-12.8988859 -71.9947983,-12.898709 -71.9946356,-12.8984895 -71.9945355,-12.8983126 -71.9944291,-12.8981296 -71.9942477,-12.8979467 -71.9942126,-12.8977394 -71.9941752,-12.897473 -71.9940534,-12.8972498 -71.9939736,-12.897129 -71.9939337,-12.8970246 -71.9939253,-12.8968793 -71.9939904,-12.8967257 -71.994087,-12.8966274 -71.9942403,-12.8965189 -71.9943853,-12.8963715 -71.9945071,-12.8962548 -71.9946394,-12.8961361 -71.9948862,-12.8960631 -71.9949738,-12.8959777 -71.9950113,-12.8958923 -71.9949487,-12.895624 -71.9949738,-12.8954166 -71.9950614,-12.8950934 -71.9952107,-12.8948176 -71.9954627,-12.894445 -71.9957934,-12.894142 -71.9960999,-12.8939285 -71.9965817,-12.8933247 -71.997076,-12.8927149 -71.9973825,-12.8922514 -71.9975827,-12.8919098 -71.9977266,-12.8917269 -71.9978768,-12.8916232 -71.9979245,-12.8914919 -71.9979378,-12.8914065 -71.997926,-12.8913602 -71.9978903,-12.8913254 -71.9978294,-12.891295 -71.9977448,-12.8913269 -71.997519,-12.8914977 -71.99732,-12.8915805 -71.9972261,-12.8917147 -71.9970509,-12.8918488 -71.9966067,-12.892044 -71.9961916,-12.8922667 -71.9957758,-12.8924376 -71.9955679,-12.8925013 -71.9953956,-12.8926315 -71.9951966,-12.8926692 -71.9948699,-12.8928111 -71.9944778,-12.8930572 -71.9944035,-12.8932164 -71.994367,-12.8933331 -71.9942126,-12.8934938 -71.9940834,-12.8935416 -71.9939482,-12.8935271 -71.9938101,-12.8933924 -71.993666,-12.8932737 -71.9934641,-12.8932317 -71.9932056,-12.8932433 -71.9930185,-12.8932592 -71.9927497,-12.8932288 -71.9926546,-12.8931261 -71.9925863,-12.8930073 -71.992472,-12.8929147 -71.9923294,-12.8929017 -71.9922032,-12.89288 -71.992068,-12.8927757 -71.9918868,-12.8925745 -71.9917071,-12.8923993 -71.9913947,-12.8922127 -71.9911595,-12.8921492 -71.9908927,-12.892098 -71.9907373,-12.8919588 -71.9906596,-12.89184 -71.9905609,-12.8917602 -71.9905105,-12.891578 -71.9905076,-12.8913624 -71.9904823,-12.8911617 -71.990434,-12.8909775 -71.9903521,-12.8909038 -71.9902681,-12.8908444 -71.9902261,-12.8907338 -71.9901568,-12.8905107 -71.9901421,-12.8903121 -71.9901337,-12.8900418 -71.9901001,-12.8899067 -71.9900203,-12.889835 -71.9899216,-12.8897552 -71.9898628,-12.8896037 -71.9898039,-12.8893846 -71.9896653,-12.8890877 -71.9895918,-12.8888195 -71.9896044,-12.8885227 -71.9896296,-12.8883159 -71.9896527,-12.8881541 -71.9896485,-12.8880272 -71.9895834,-12.8878921 -71.9894763,-12.8877262 -71.9894532,-12.887585 -71.9894343,-12.8874253 -71.989365,-12.8873249 -71.9892978,-12.8872983 -71.9892033,-12.8873536 -71.9891003,-12.8874171 -71.9889953,-12.8874273 -71.9888987,-12.8874027 -71.9888042,-12.8873167 -71.9886992,-12.8871652 -71.9886782,-12.8870752 -71.9886068,-12.886938 -71.9886132,-12.8868432 -71.9886266,-12.8867115 -71.9886043,-12.8866087 -71.9885286,-12.8865059 -71.9885182,-12.8864147 -71.9885316,-12.8863438 -71.9885375,-12.8862569 -71.9884796,-12.886157 -71.9883801,-12.8860253 -71.9882167,-12.8859167 -71.9880608,-12.8858573 -71.987933,-12.8858356 -71.9876553,-12.8858342 -71.9873791,-12.8858226 -71.9871578,-12.8857864 -71.986987,-12.8857068 -71.9868429,-12.8856098 -71.9867984,-12.8855345 -71.9867806,-12.8853275 -71.9867702,-12.8852044 -71.9867078,-12.8851117 -71.9866306,-12.8850886 -71.9865073,-12.8851045 -71.9864226,-12.8851233 -71.9863573,-12.8850828 -71.986286,-12.8849829 -71.9861761,-12.8848381 -71.9860291,-12.8846832 -71.9858895,-12.8845978 -71.9857989,-12.8845051 -71.985738,-12.8843937 -71.9856548,-12.8843068 -71.9855212,-12.8842098 -71.9854365,-12.884065 -71.9854009,-12.8838812 -71.9853608,-12.8836206 -71.9852791,-12.8834193 -71.9851722,-12.8833078 -71.9851128,-12.883179 -71.98504,-12.8830154 -71.9849405,-12.8828735 -71.9848246,-12.8827838 -71.9847326,-12.8827707 -71.984639,-12.8828228 -71.9845454,-12.8828504 -71.9844637,-12.8828489 -71.9843939,-12.8827809 -71.9843524,-12.8826564 -71.9843019,-12.8825478 -71.9841712,-12.8824204 -71.9840301,-12.8823045 -71.9838459,-12.8821352 -71.9837108,-12.8819802 -71.9835281,-12.8818746 -71.9833618,-12.8817718 -71.9831776,-12.8815879 -71.9830603,-12.8814605 -71.9829771,-12.8813244 -71.9829623,-12.8812202 -71.9829816,-12.8810406 -71.9830633,-12.8808076 -71.9831286,-12.8806497 -71.9831307,-12.8805596 -71.9830992,-12.8804163 -71.9831265,-12.8802443 -71.9831286,-12.8801051 -71.9830992,-12.8800252 -71.9829668,-12.8799351 -71.9826791,-12.8798041 -71.9824144,-12.8797386 -71.9821582,-12.8796055 -71.9818222,-12.8793147 -71.981505,-12.8791161 -71.9813559,-12.8789421 -71.9811942,-12.8788315 -71.9810618,-12.8788029 -71.9809757,-12.8787292 -71.9809358,-12.8786268 -71.980919,-12.8784241 -71.980856,-12.8782091 -71.9808581,-12.878074 -71.9808266,-12.8778979 -71.9807825,-12.8776604 -71.9807216,-12.8775601 -71.9805977,-12.8774843 -71.9805179,-12.8775048 -71.980415,-12.8776153 -71.9802763,-12.8777894 -71.9800915,-12.8778549 -71.9799004,-12.8778815 -71.9796861,-12.8778467 -71.9794719,-12.8777587 -71.9792997,-12.8776256 -71.9791968,-12.8774966 -71.9791695,-12.8773778 -71.9791254,-12.8773021 -71.9790161,-12.877255 -71.9788901,-12.8771751 -71.9788439,-12.8770789 -71.9788334,-12.8769827 -71.9788838,-12.8768782 -71.9789342,-12.8767882 -71.9789657,-12.8766796 -71.9789615,-12.876565 -71.9789804,-12.8764606 -71.9790624,-12.8763254 -71.9791044,-12.8762067 -71.9791359,-12.8760715 -71.979164,-12.8759993 -71.9791262,-12.8759276 -71.9790758,-12.8758764 -71.9789687,-12.8758867 -71.9787775,-12.8760157 -71.9785864,-12.8761139 -71.978347,-12.8762184 -71.9780319,-12.8763064 -71.9776581,-12.8763576 -71.97749,-12.876333 -71.9773703,-12.8762532 -71.9772485,-12.8760791 -71.9770658,-12.8758355 -71.9770081,-12.8756297 -71.9770021,-12.8754618 -71.976913,-12.8753083 -71.976818,-12.8751867 -71.9766813,-12.8751751 -71.9764883,-12.8751838 -71.9763843,-12.8751056 -71.9763279,-12.8750216 -71.9762239,-12.8749608 -71.9761615,-12.8748797 -71.9761497,-12.8748131 -71.9760903,-12.8747321 -71.976019,-12.8747263 -71.9759328,-12.8747784 -71.975912,-12.8748624 -71.9759209,-12.8749753 -71.9760041,-12.8750766 -71.976117,-12.8752417 -71.9762299,-12.8753141 -71.9763546,-12.875372 -71.9764675,-12.8754241 -71.9764823,-12.8754849 -71.9764586,-12.8755776 -71.9763932,-12.8756529 -71.9763724,-12.8757629 -71.9763813,-12.8758903 -71.976417,-12.8760264 -71.9764556,-12.8761306 -71.9764378,-12.8762349 -71.9763724,-12.8762812 -71.9762922,-12.8762667 -71.9762477,-12.8761509 -71.9762091,-12.8759511 -71.9761615,-12.8758034 -71.9761853,-12.8756587 -71.9761883,-12.8755457 -71.9761229,-12.8754647 -71.9759506,-12.875401 -71.9757391,-12.8753339 -71.975546,-12.875232 -71.9753636,-12.8751588 -71.9751759,-12.8750489 -71.9751195,-12.8749522 -71.9751464,-12.8747901 -71.9752778,-12.8746646 -71.9754226,-12.8745312 -71.975546,-12.8743273 -71.9756738,-12.8739104 -71.9760064,-12.8733429 -71.9762975,-12.8729549 -71.9765054,-12.8727753 -71.9765708,-12.8725089 -71.9766302,-12.8720456 -71.9767847,-12.8713738 -71.9768025,-12.8710322 -71.9767371,-12.8707136 -71.9766064,-12.8705051 -71.976749,-12.8700766 -71.9769332,-12.8695554 -71.9771649,-12.8690399 -71.9774065,-12.8687311 -71.9775187,-12.8684736 -71.9775451,-12.8683298 -71.9775451,-12.86808 -71.9775997,-12.8678834 -71.9776333,-12.8677032 -71.9777173,-12.8675558 -71.9778055,-12.8673387 -71.9777845,-12.86722 -71.9776753,-12.8671708 -71.9773686,-12.8671545 -71.9771418,-12.8670889 -71.9770704,-12.8669292 -71.9770284,-12.8667654 -71.977041,-12.8665566 -71.9770704,-12.8662986 -71.9770368,-12.8661184 -71.9769108,-12.8658973 -71.976894,-12.8656884 -71.9768562,-12.8654754 -71.9766545,-12.8653075 -71.9765411,-12.8651151 -71.9764739,-12.864853 -71.9763017,-12.8645622 -71.9761925,-12.8642633 -71.9760538,-12.8640954 -71.9758186,-12.8640012 -71.9755456,-12.8638271 -71.9752885,-12.8635881 -71.975031,-12.8633109 -71.9748057,-12.8631697 -71.9745965,-12.8631436 -71.9741566,-12.8632534 -71.9735934,-12.8632691 -71.9733949,-12.8632796 -71.9730623,-12.8633319 -71.972778,-12.8632168 -71.9724937,-12.8630128 -71.9720806,-12.862788 -71.9716622,-12.8626415 -71.9710184,-12.8624689 -71.9706912,-12.8623121 -71.9702245,-12.8619826 -71.9699026,-12.8617525 -71.9698436,-12.8615537 -71.9698812,-12.8612765 -71.9699617,-12.8609471 -71.9699402,-12.8605705 -71.9694949,-12.8598645 -71.9691999,-12.8593676 -71.968878,-12.8591114 -71.9684596,-12.8588185 -71.9682384,-12.8586851 -71.9681914,-12.8586512 -71.9681834,-12.8586067 -71.9681914,-12.8585413 -71.9683416,-12.8580759 -71.9683845,-12.8578039 -71.9683791,-12.8576209 -71.9684502,-12.8575843 -71.9687881,-12.8574744 -71.9690228,-12.8574234 -71.9690926,-12.8574182 -71.9691315,-12.8573803 -71.9691356,-12.8573449 -71.9691302,-12.8573018 -71.9691101,-12.8572756 -71.9690806,-12.8572508 -71.9690135,-12.8572548 -71.9688096,-12.8572822 -71.9685199,-12.8573267 -71.9683188,-12.8573515 -71.9682357,-12.8573528 -71.9681552,-12.8573371 -71.9680895,-12.8573071 -71.9679513,-12.8570952 -71.9678937,-12.8568717 -71.9678588,-12.8567501 -71.9678092,-12.8566703 -71.9677582,-12.8566141 -71.9676912,-12.8565657 -71.9675275,-12.8564677 -71.9671648,-12.8562735 -71.9671179,-12.8562597 -71.9670555,-12.8562512 -71.9669958,-12.8562513 -71.9669442,-12.8562618 -71.966908,-12.8562846 -71.9668879,-12.8563205 -71.9668745,-12.856363 -71.9668697,-12.8564148 -71.9668871,-12.8564546 -71.9671467,-12.8566926 -71.9675624,-12.8569619 -71.9676617,-12.8571109 -71.9676938,-12.8573803 -71.967785,-12.857566 -71.9677743,-12.8577778 -71.9677569,-12.8579608 -71.9675892,-12.8582929 -71.9674256,-12.8584498 -71.9672406,-12.8586067 -71.9670716,-12.8588538 -71.9670421,-12.8589061 -71.9670233,-12.8589623 -71.9671145,-12.8591663 -71.9671279,-12.8593755 -71.9672465,-12.8597448 -71.9672459,-12.8597697 -71.9672426,-12.8597997 -71.9672185,-12.859826 -71.9671856,-12.8598318 -71.9671487,-12.8598134 -71.96713,-12.8597939 -71.9670287,-12.8594827 -71.9669428,-12.8592369 -71.9668516,-12.8589885 -71.9668342,-12.858944 -71.9668255,-12.8589074 -71.9668235,-12.8588583 -71.9668255,-12.8588067 -71.9668463,-12.8584576 -71.9669053,-12.8582301 -71.9668892,-12.8579791 -71.9668919,-12.8577438 -71.9669187,-12.857545 -71.9669187,-12.8574849 -71.9669013,-12.8574378 -71.9668691,-12.8573999 -71.9668436,-12.8573816 -71.9667967,-12.8573672 -71.9667242,-12.8573541 -71.9666465,-12.8573137 -71.9663876,-12.8570456 -71.9660121,-12.8565461 -71.965701,-12.8562036 -71.9655655,-12.8560518 -71.9655239,-12.8560048 -71.9654891,-12.8559669 -71.9654408,-12.8559695 -71.965422,-12.8559957 -71.9654005,-12.8560402 -71.9654113,-12.8560871 -71.9655655,-12.8562715 -71.9656996,-12.8565357 -71.9658042,-12.8569018 -71.9659652,-12.8570874 -71.9659947,-12.8571946 -71.9659759,-12.8573515 -71.9659142,-12.8575084 -71.9659088,-12.8578091 -71.9659705,-12.8580393 -71.9659685,-12.8580726 -71.9659605,-12.858098 -71.9659424,-12.8581229 -71.965927,-12.8581399 -71.9659115,-12.8581517 -71.9658847,-12.8581562 -71.9658605,-12.8581445 -71.9658391,-12.8581203 -71.9657774,-12.857932 -71.9656943,-12.8573751 -71.9656487,-12.8571502 -71.9654636,-12.8568416 -71.965249,-12.8565906 -71.9652088,-12.8564389 -71.9650961,-12.85635 -71.9648628,-12.8561251 -71.9646911,-12.8558845 -71.9645435,-12.8556963 -71.9644242,-12.8555485 -71.9643733,-12.8554753 -71.9643384,-12.8554178 -71.9643183,-12.8553393 -71.9643156,-12.8552987 -71.9643103,-12.8552595 -71.9643022,-12.8552229 -71.9642767,-12.855202 -71.9642392,-12.855202 -71.9641922,-12.8552504 -71.9641747,-12.8552962 -71.9641748,-12.8553497 -71.9642941,-12.8555733 -71.9644792,-12.855929 -71.9645972,-12.8562585 -71.964667,-12.8564284 -71.9646911,-12.8566376 -71.9648306,-12.856839 -71.9649513,-12.8571031 -71.9649352,-12.8573018 -71.9648976,-12.8575006 -71.9649264,-12.8577725 -71.9649264,-12.8578059 -71.9649157,-12.8578307 -71.964899,-12.8578444 -71.9648749,-12.8578477 -71.9648501,-12.857847 -71.9648313,-12.8578352 -71.9648165,-12.8578084 -71.9648105,-12.8577849 -71.964795,-12.8577373 -71.9647689,-12.8575241 -71.9647716,-12.8573332 -71.9647421,-12.8571946 -71.9645355,-12.857056 -71.9642291,-12.8568219 -71.9641956,-12.8567834 -71.9641708,-12.8567428 -71.9641513,-12.8567056 -71.9640903,-12.8564729 -71.9641024,-12.8563238 -71.9641031,-12.8562931 -71.9640957,-12.8562715 -71.9640836,-12.856246 -71.9640608,-12.8562094 -71.963814,-12.8558322 -71.9634814,-12.8553399 -71.9634573,-12.8553013 -71.9634452,-12.855266 -71.9634352,-12.8552288 -71.9633922,-12.8549536 -71.9633701,-12.8546424 -71.9634305,-12.8545038 -71.9636048,-12.8543652 -71.9638033,-12.8541613 -71.963924,-12.8541273 -71.9641654,-12.8542005 -71.9643692,-12.854258 -71.9646106,-12.8543888 -71.9648199,-12.8544881 -71.9650478,-12.8544515 -71.9652678,-12.8543914 -71.9654904,-12.8542371 -71.9656621,-12.8541377 -71.9657559,-12.8539468 -71.9658284,-12.8537847 -71.9659759,-12.8537716 -71.9662227,-12.8538239 -71.9665257,-12.8539573 -71.9667376,-12.8539834 -71.9670327,-12.8539521 -71.9672338,-12.8539442 -71.9673975,-12.8538971 -71.9675799,-12.8539364 -71.9677944,-12.8541769 -71.9679768,-12.8542998 -71.9682584,-12.8543051 -71.9684462,-12.8542109 -71.9686635,-12.8541325 -71.9689183,-12.8540907 -71.9690671,-12.8542162 -71.9692093,-12.8543391 -71.9693997,-12.8543521 -71.9696143,-12.8543731 -71.9697699,-12.8544567 -71.9699067,-12.8545117 -71.9700542,-12.8544646 -71.9701803,-12.8543992</coordinates></LineString></Placemark><Placemark><ExtendedData><Data name="@id"><value>way/294609898</value></Data><Data name="highway"><value>primary</value></Data><Data name="ref"><value>CU-104</value></Data><Data name="source"><value>bing</value></Data><Data name="surface"><value>dirt</value></Data></ExtendedData><LineString><coordinates>-71.9938797,-12.8079457 -71.9939478,-12.8078787 -71.9940159,-12.8077654 -71.9939983,-12.8076686 -71.9939416,-12.8075802 -71.9936326,-12.8074641 -71.993454,-12.8073488 -71.9932556,-12.8072272 -71.993094,-12.8071305 -71.9929664,-12.8070392 -71.9928587,-12.8067269 -71.992785,-12.8066052 -71.9926121,-12.8063841 -71.9925128,-12.8061132 -71.9923399,-12.8060109 -71.9921188,-12.8059722 -71.9919175,-12.8059529 -71.9918297,-12.8058948 -71.9917815,-12.8057483 -71.9915717,-12.8053088 -71.9914895,-12.8049494 -71.9914413,-12.8046453 -71.991274,-12.8043357 -71.9910926,-12.8041588 -71.9909622,-12.804145 -71.990931,-12.8041008 -71.9909338,-12.8039681 -71.9909225,-12.8037746 -71.9908885,-12.8036446 -71.9906674,-12.8034235 -71.9905738,-12.8032521 -71.9905426,-12.8030282 -71.9905058,-12.8027518 -71.9903981,-12.8024449 -71.990262,-12.8019612 -71.9902705,-12.8018036 -71.9903102,-12.8016764 -71.9903272,-12.8015078 -71.9903839,-12.8012728 -71.9904519,-12.8010793 -71.9905426,-12.8005541 -71.9905115,-12.8003274 -71.9904604,-12.8000841 -71.9904151,-12.7998215 -71.9903612,-12.7995534 -71.9902478,-12.799382 -71.990194,-12.7992631 -71.9901713,-12.7990751 -71.9901713,-12.7988982 -71.9901231,-12.79876 -71.9900721,-12.7985775 -71.9900806,-12.7981988 -71.9900409,-12.7979362 -71.9899275,-12.7977095 -71.9898963,-12.7975741 -71.9898424,-12.797505 -71.9897092,-12.7974303 -71.9896128,-12.7973446 -71.9895845,-12.7972036 -71.9894876,-12.7968672 -71.9893653,-12.7964489 -71.9893573,-12.7961557 -71.9893573,-12.796015 -71.9894174,-12.7959641 -71.9894936,-12.7959641 -71.9897702,-12.7959759 -71.9900148,-12.7959602 -71.9902112,-12.795882 -71.9905039,-12.7957687 -71.9908246,-12.7957374 -71.9913017,-12.7958703 -71.9916865,-12.7960814 -71.9920674,-12.7963355 -71.9924643,-12.796445 -71.9931458,-12.7963824 -71.9935519,-12.7962154 -71.9940029,-12.7960238 -71.9943136,-12.7958616 -71.994652,-12.7958852 -71.994926,-12.7959233 -71.9952719,-12.7958942 -71.9955434,-12.7958544 -71.9958967,-12.7958761 -71.9963058,-12.7959933 -71.9967246,-12.7962009 -71.9970147,-12.7962807 -71.997766,-12.7960776 -71.9985618,-12.79549 -71.9993421,-12.7947444 -71.9998029,-12.7943736 -72.0002598,-12.7938548 -72.0006417,-12.793585 -72.0010901,-12.7934243 -72.0013324,-12.7934155 -72.0014547,-12.7933925 -72.0014697,-12.7933507 -72.0014375,-12.79329 -72.0013453,-12.7933235 -72.0010514,-12.7933507 -72.0007983,-12.7933946 -72.0002791,-12.7936205 -71.9997438,-12.793903 -71.9992795,-12.794313 -71.999243,-12.7943192 -71.9992044,-12.7943213 -71.9991872,-12.7942711 -71.9992044,-12.794223 -71.9994575,-12.7939971 -71.9998887,-12.7936205 -72.0002641,-12.7932733 -72.0007446,-12.7929281 -72.0009913,-12.7928026 -72.0011822,-12.7927984 -72.0013088,-12.7927984 -72.0014933,-12.7927315 -72.0018172,-12.7927043 -72.0018859,-12.7926834 -72.0018837,-12.792652 -72.0018623,-12.7926373 -72.0017207,-12.7926311 -72.0014633,-12.792629 -72.0012913,-12.7926156 -72.0009417,-12.7925938 -72.0000714,-12.7928042 -71.9992237,-12.7933528 -71.9988512,-12.7936129 -71.9984648,-12.7938414 -71.9980557,-12.794001 -71.9976763,-12.7943419 -71.9973788,-12.7944145 -71.9969995,-12.7942041 -71.9964416,-12.7939502 -71.9959432,-12.7938777 -71.9955509,-12.7937172 -71.995202,-12.7936876 -71.9947136,-12.7935486 -71.9944041,-12.7935131 -71.9942524,-12.7936107 -71.9940947,-12.7937498 -71.9939187,-12.7939184 -71.9936912,-12.7940308 -71.9935092,-12.7940841 -71.9932998,-12.7941876 -71.9932301,-12.7941521 -71.9932725,-12.7940633 -71.9935213,-12.7939184 -71.9937913,-12.7937172 -71.9939582,-12.793516 -71.9941523,-12.7933326 -71.9942858,-12.7932675 -71.9944678,-12.7932379 -71.9952445,-12.7933504 -71.9956661,-12.7933563 -71.996467,-12.7931758 -71.99691,-12.7932232 -71.9972524,-12.7932394 -71.9974829,-12.7930363 -71.997721,-12.7928187 -71.9982266,-12.7925605 -71.9985997,-12.7920842 -71.9990184,-12.7917735 -71.9995554,-12.7915457 -72.0002835,-12.7910842 -72.000872,-12.7907322 -72.0011417,-12.790621 -72.0013244,-12.7905624 -72.0013995,-12.7905561 -72.0014273,-12.7905771 -72.0014874,-12.790734 -72.0015775,-12.7909201 -72.0018178,-12.7911126 -72.0020344,-12.7912402 -72.002264,-12.7913385 -72.0024313,-12.7914285 -72.002575,-12.7915791 -72.0027316,-12.7916816 -72.0027938,-12.7917548 -72.0028024,-12.7918343 -72.0027874,-12.7919138 -72.0028346,-12.7920247 -72.0029096,-12.7921544 -72.0031049,-12.7923343 -72.0031778,-12.7924556 -72.0032958,-12.7925205 -72.0034502,-12.792533 -72.0035682,-12.7925058 -72.003654,-12.7924472</coordinates></LineString></Placemark><Placemark><ExtendedData><Data name="@id"><value>way/296096997</value></Data><Data name="bridge"><value>yes</value></Data><Data name="highway"><value>secondary</value></Data><Data name="layer"><value>1</value></Data><Data name="ref"><value>CU-104</value></Data><Data name="source"><value>MapBox; http://www.mtc.gob.pe/portal/transportes/red_vial/mapas_redvial.htm</value></Data><Data name="surface"><value>dirt</value></Data></ExtendedData><LineString><coordinates>-72.4902242,-12.5705529 -72.4903573,-12.5706673</coordinates></LineString></Placemark><Placemark><ExtendedData><Data name="@id"><value>way/296096998</value></Data><Data name="bridge"><value>yes</value></Data><Data name="highway"><value>secondary</value></Data><Data name="layer"><value>1</value></Data><Data name="ref"><value>CU-104</value></Data><Data name="source"><value>MapBox; http://www.mtc.gob.pe/portal/transportes/red_vial/mapas_redvial.htm</value></Data><Data name="surface"><value>dirt</value></Data></ExtendedData><LineString><coordinates>-72.5021342,-12.5408522 -72.5019213,-12.5409098</coordinates></LineString></Placemark><Placemark><ExtendedData><Data name="@id"><value>way/296096999</value></Data><Data name="highway"><value>secondary</value></Data><Data name="ref"><value>CU-104</value></Data><Data name="source"><value>MapBox; http://www.mtc.gob.pe/portal/transportes/red_vial/mapas_redvial.htm</value></Data><Data name="surface"><value>dirt</value></Data></ExtendedData><LineString><coordinates>-72.5019213,-12.5409098 -72.5014335,-12.541114 -72.5011739,-12.5412238 -72.5011739,-12.5414433 -72.5012431,-12.5417305 -72.5011134,-12.5419923 -72.5011566,-12.5421949 -72.5012864,-12.5423976 -72.5011999,-12.5426257 -72.5010874,-12.5429381 -72.5010441,-12.5432675 -72.5011393,-12.5434786 -72.5012864,-12.5436729 -72.5016704,-12.543983 -72.5019029,-12.5442219 -72.5020742,-12.5444846 -72.5021598,-12.5447952 -72.5023311,-12.5448668 -72.502588,-12.5451535 -72.503004,-12.5457387 -72.5037871,-12.5463239 -72.5041419,-12.5470644 -72.5046925,-12.5476973 -72.5052064,-12.5482587 -72.5056958,-12.5485692 -72.5058671,-12.5487603 -72.5060751,-12.5490111 -72.506589,-12.5494291 -72.5069071,-12.5501456 -72.5072497,-12.5512922 -72.5073231,-12.5521879 -72.5075188,-12.5525223 -72.5078614,-12.5527253 -72.5080694,-12.5530836 -72.5080939,-12.5533105 -72.5079209,-12.553395 -72.5075748,-12.553547 -72.5071422,-12.5538003 -72.5068654,-12.5539861 -72.5065712,-12.5539523 -72.50625,-12.5539351 -72.5059732,-12.5540111 -72.5056271,-12.5540364 -72.5053243,-12.5541547 -72.5046408,-12.5545093 -72.5040352,-12.5548978 -72.5037843,-12.5550667 -72.5037843,-12.5552525 -72.5039054,-12.5554467 -72.5039833,-12.5555818 -72.5039747,-12.5558267 -72.5038881,-12.5561138 -72.5038622,-12.5566036 -72.503992,-12.5570596 -72.5041217,-12.557313 -72.5043467,-12.5575241 -72.5044332,-12.5576761 -72.5044851,-12.5578028 -72.5046841,-12.5578957 -72.5048312,-12.5580223 -72.5050042,-12.5582503 -72.5052897,-12.558377 -72.5060424,-12.558377 -72.50625,-12.5584361 -72.5066134,-12.5584952 -72.5069422,-12.5586304 -72.5071931,-12.5588668 -72.5073055,-12.5590695 -72.5074094,-12.5592299 -72.5075564,-12.559289 -72.5077727,-12.5592299 -72.5079544,-12.5591877 -72.5083005,-12.5593059 -72.50856,-12.5594579 -72.5086725,-12.5596099 -72.5086379,-12.5597619 -72.5084216,-12.5598717 -72.5078333,-12.5601504 -72.5069941,-12.5605304 -72.5064231,-12.5609188 -72.5060597,-12.561282 -72.5057309,-12.561586 -72.5053762,-12.5617549 -72.5051945,-12.5617211 -72.5050935,-12.5616869 -72.50491,-12.5617526 -72.5048182,-12.5619198 -72.5048366,-12.562099 -72.504757,-12.5622423 -72.5045246,-12.5623557 -72.5040902,-12.5625647 -72.5038149,-12.5626662 -72.5034479,-12.5626841 -72.5032093,-12.5627319 -72.5030747,-12.5628812 -72.5030257,-12.5630245 -72.5029156,-12.5630961 -72.5027443,-12.56312 -72.5026465,-12.5632096 -72.5026526,-12.5633529 -72.5026097,-12.5635798 -72.502469,-12.5637769 -72.5022977,-12.5639261 -72.5020959,-12.56395 -72.5018634,-12.5639679 -72.5017227,-12.5640754 -72.5016065,-12.5642008 -72.5014719,-12.5642426 -72.5012945,-12.5644217 -72.5012149,-12.564565 -72.5009519,-12.5647143 -72.5007316,-12.5648218 -72.5006215,-12.5650248 -72.5005909,-12.5651383 -72.5004808,-12.5652756 -72.5003585,-12.5653771 -72.5002667,-12.5655563 -72.5002116,-12.5657533 -72.5001138,-12.5659026 -72.4999241,-12.5659623 -72.4997283,-12.566028 -72.4994347,-12.5659683 -72.499037,-12.5659563 -72.4986211,-12.5659921 -72.4983091,-12.5660757 -72.4981316,-12.5660399 -72.4980399,-12.5658847 -72.4978992,-12.5656458 -72.4975933,-12.5654129 -72.4973058,-12.5652876 -72.4971161,-12.5651741 -72.4969081,-12.5652577 -72.4963698,-12.5656816 -72.4960211,-12.5659981 -72.4956601,-12.5661593 -72.4954215,-12.5662907 -72.4951646,-12.5664221 -72.4950178,-12.5666728 -72.4949444,-12.5669774 -72.4948526,-12.5670431 -72.4947302,-12.5669595 -72.4944794,-12.5667266 -72.4943142,-12.5666072 -72.4942164,-12.5664698 -72.4941735,-12.5663206 -72.4940389,-12.5661175 -72.4939288,-12.5660578 -72.4937331,-12.5660638 -72.4935985,-12.5661175 -72.4935006,-12.5662429 -72.4934884,-12.5665236 -72.4935006,-12.5668938 -72.4935189,-12.5671684 -72.4935189,-12.5673356 -72.4933905,-12.5674789 -72.4931396,-12.5675446 -72.4928631,-12.5675153 -72.4926307,-12.5675631 -72.4924227,-12.5676347 -72.4922881,-12.5677601 -72.4922881,-12.5678676 -72.4924594,-12.5679213 -72.4928019,-12.5679333 -72.4930589,-12.5679213 -72.4933954,-12.5679572 -72.4935467,-12.567964 -72.4935941,-12.5679724 -72.4936281,-12.5679827 -72.4936481,-12.5679996 -72.4936613,-12.5680235 -72.4936649,-12.5680433 -72.4936625,-12.5680645 -72.4936494,-12.5680906 -72.4936341,-12.5681053 -72.4936126,-12.568116 -72.4934822,-12.5681266 -72.4931568,-12.5681423 -72.4928937,-12.5681781 -72.4925511,-12.5682676 -72.4920923,-12.5683572 -72.4918721,-12.5684945 -72.4914499,-12.5686617 -72.4911563,-12.5687871 -72.4911133,-12.5688481 -72.4911563,-12.5689065 -72.4914438,-12.5688409 -72.4916274,-12.5687573 -72.4922024,-12.5686796 -72.4925267,-12.568602 -72.4927469,-12.5685423 -72.4929365,-12.568602 -72.4931139,-12.5685901 -72.4934627,-12.5684826 -72.4936523,-12.5685125 -72.4938358,-12.5685602 -72.4940438,-12.568614 -72.4941906,-12.568608 -72.4941968,-12.5686737 -72.4940928,-12.5687095 -72.4938481,-12.5686677 -72.4936278,-12.5686976 -72.4933281,-12.5688409 -72.4931262,-12.5689901 -72.4929794,-12.5692111 -72.4927652,-12.5693783 -72.4923798,-12.5696231 -72.4920005,-12.5697305 -72.4917681,-12.5696947 -72.4915907,-12.5696708 -72.4914561,-12.569838 -72.4910645,-12.570053 -72.4907342,-12.5701306 -72.4904467,-12.570262 -72.4903059,-12.5703336 -72.4902471,-12.570422 -72.4902242,-12.5705529</coordinates></LineString></Placemark><Placemark><ExtendedData><Data name="@id"><value>way/296097001</value></Data><Data name="highway"><value>secondary</value></Data><Data name="maxspeed"><value>40</value></Data><Data name="ref"><value>CU-104</value></Data><Data name="source"><value>MapBox;http://www.mtc.gob.pe/portal/transportes/red_vial/mapas_redvial.htm</value></Data><Data name="surface"><value>dirt</value></Data></ExtendedData><LineString><coordinates>-72.4903573,-12.5706673 -72.4904804,-12.5706564 -72.4905935,-12.5705963 -72.4907831,-12.5705426 -72.4909667,-12.5705307 -72.4912175,-12.5704948 -72.4913765,-12.5704889 -72.4916151,-12.5703694 -72.4918843,-12.5704172 -72.4921357,-12.5704809 -72.4926863,-12.5705765 -72.4930106,-12.5705227 -72.4933593,-12.5701824 -72.4937019,-12.5699256 -72.4938793,-12.5698241 -72.4940628,-12.5698599 -72.4942953,-12.5698958 -72.4944666,-12.5699376 -72.4947663,-12.5701465 -72.4949866,-12.5702361 -72.4951517,-12.5703436 -72.4953964,-12.5704152 -72.4956656,-12.5704869 -72.4959837,-12.5704749 -72.4961856,-12.5704212 -72.4963936,-12.5701824 -72.4965649,-12.5699913 -72.4967117,-12.5699376 -72.4968647,-12.5700629 -72.497036,-12.5702122 -72.4971706,-12.5703257 -72.4975254,-12.5703914 -72.4978986,-12.5704391 -72.49818,-12.5704332 -72.4984002,-12.5705287 -72.4985164,-12.5707198 -72.4986694,-12.5710422 -72.4986938,-12.5712452 -72.4987428,-12.5713527 -72.4989141,-12.5715139 -72.499067,-12.5716154 -72.4994341,-12.5717348 -72.4998134,-12.5719378 -72.5000214,-12.5720453 -72.5001988,-12.5721229 -72.5005291,-12.5720752 -72.5010002,-12.5719677 -72.5012143,-12.5719498 -72.5013305,-12.5720274 -72.5014407,-12.5721289 -72.5015569,-12.5721707 -72.5016303,-12.5720752 -72.5016854,-12.5719319 -72.5017833,-12.5717945 -72.5020035,-12.5716811 -72.5021786,-12.5716297 -72.5023056,-12.5716065 -72.5025258,-12.5714991 -72.5026849,-12.5714274 -72.5028195,-12.5714274 -72.5029847,-12.5713976 -72.5030458,-12.5712602 -72.5031009,-12.5711348 -72.50326,-12.5709139 -72.5032783,-12.5707706 -72.5033089,-12.5703944 -72.5033701,-12.5702929 -72.5035536,-12.5702213 -72.5039512,-12.5702332 -72.5041225,-12.5701854 -72.5042388,-12.5700839 -72.5043856,-12.5698272 -72.5045141,-12.569654 -72.5045752,-12.5696063 -72.5047343,-12.5695824 -72.5049912,-12.5696003 -72.5052971,-12.5695465 -72.5054684,-12.569445 -72.5054317,-12.5693376 -72.5053522,-12.5691943 -72.5052665,-12.5688718 -72.5053767,-12.5687225 -72.5055724,-12.5685255 -72.5057192,-12.5683046 -72.5057315,-12.5680836 -72.5057743,-12.5678627 -72.5058661,-12.5677552 -72.506019,-12.5677015 -72.5062637,-12.5676776 -72.5064472,-12.5677552 -72.5066675,-12.5678747 -72.5070345,-12.5679523 -72.5073421,-12.568028 -72.5076622,-12.5681293 -72.5078266,-12.5682222 -72.5079861,-12.5681846 -72.5080717,-12.5680831 -72.5082124,-12.5680234 -72.5082736,-12.5679697 -72.5083959,-12.5679637 -72.5085061,-12.5680473 -72.5086039,-12.5680712 -72.5086406,-12.5680055 -72.5085917,-12.5679398 -72.5085305,-12.5678085 -72.5085244,-12.5676831 -72.5085795,-12.5675816 -72.5087324,-12.5675696 -72.5089282,-12.5676054 -72.509075,-12.5677129 -72.5092341,-12.5679398 -72.5094849,-12.5682145 -72.5096256,-12.5683399 -72.5097296,-12.5683458 -72.5097724,-12.5682503 -72.5097357,-12.5680234 -72.5096745,-12.5676174 -72.5096562,-12.5673248 -72.5097846,-12.5669367 -72.5100722,-12.5667934 -72.5104698,-12.5667396 -72.5106472,-12.5668173 -72.5107757,-12.5669247 -72.5108858,-12.5669606 -72.5110632,-12.5668292 -72.5112896,-12.5666441 -72.5113018,-12.5664291 -72.5114303,-12.5662799 -72.5115832,-12.5661545 -72.511675,-12.566041 -72.5118279,-12.5659694 -72.5119748,-12.5659873 -72.512195,-12.5660709 -72.5124397,-12.5661664 -72.5126232,-12.5663037 -72.5128496,-12.5662739 -72.5130943,-12.5660768 -72.5135653,-12.5658798 -72.5141282,-12.5656529 -72.5143239,-12.5656111 -72.5144952,-12.5655514 -72.514587,-12.5653902 -72.5146298,-12.5651215 -72.5147525,-12.5647159 -72.5149255,-12.5644457 -72.515038,-12.5641079 -72.5150207,-12.5638123 -72.5149687,-12.563635 -72.5149514,-12.5634408 -72.5150899,-12.5633479 -72.515384,-12.563255 -72.5156955,-12.5631875 -72.5158565,-12.5630709 -72.5159972,-12.5628261 -72.5161562,-12.5626529 -72.5163153,-12.5626231 -72.5164682,-12.5626947 -72.5166701,-12.5628142 -72.5167313,-12.5629873 -72.5167619,-12.5632501 -72.5167863,-12.5635128 -72.5167986,-12.5637457 -72.5167313,-12.5640263 -72.5168047,-12.5643726 -72.5169821,-12.5647727 -72.5171534,-12.564922 -72.5173369,-12.5649757 -72.5174532,-12.5650115 -72.5175327,-12.5651489 -72.5177101,-12.565322 -72.5177957,-12.5654534 -72.5179793,-12.5654474 -72.5182362,-12.5654176 -72.5183953,-12.5654713 -72.5185176,-12.5656146 -72.5186767,-12.5657938 -72.5187285,-12.5660054 -72.5187025,-12.5661996 -72.5186939,-12.5663431 -72.5188583,-12.5664867 -72.5191265,-12.5666302 -72.5193427,-12.5666725 -72.5195417,-12.5666387 -72.5196456,-12.5667062 -72.5198186,-12.566816 -72.5200089,-12.5668414 -72.5203809,-12.5667822 -72.5206149,-12.5667967 -72.5207495,-12.5668325 -72.5208351,-12.5669758 -72.5209147,-12.5672385 -72.520933,-12.5675251 -72.5208535,-12.5677043 -72.5207678,-12.5678774 -72.5207556,-12.5680148 -72.5208351,-12.5681521 -72.5211043,-12.5683432 -72.5212695,-12.5684686 -72.5213859,-12.5688297 -72.5214349,-12.5689969 -72.5214104,-12.5692059 -72.5213921,-12.5694208 -72.5214655,-12.569588 -72.5215633,-12.5697672 -72.5217285,-12.5699344 -72.5218203,-12.5701672 -72.5219488,-12.5703643 -72.5220711,-12.5704837 -72.5221445,-12.5706389 -72.5222485,-12.5706748 -72.5224382,-12.570615 -72.5225728,-12.5704837 -72.5227502,-12.5703165 -72.5230255,-12.5700478 -72.5233742,-12.5698209 -72.5235332,-12.5697254 -72.5237229,-12.5697373 -72.5240471,-12.5698269 -72.5242551,-12.5698209 -72.5245304,-12.5698567 -72.524665,-12.5699045 -72.5248975,-12.5698328 -72.5250443,-12.5697493 -72.5252339,-12.5697015 -72.5254848,-12.5695821 -72.5256622,-12.5695164 -72.5259069,-12.5695403 -72.5261393,-12.5695104 -72.5263657,-12.5695044 -72.5265248,-12.569385 -72.5266716,-12.5691999 -72.5268673,-12.5691462 -72.5269958,-12.5692238 -72.5270998,-12.5693253 -72.5272344,-12.569385 -72.527424,-12.5694865 -72.5274852,-12.569588 -72.5275464,-12.5697433 -72.5277299,-12.5699642 -72.5278815,-12.5701265 -72.5279365,-12.5702997 -72.5279855,-12.5704848 -72.5279793,-12.5706221 -72.528065,-12.5707355 -72.5282913,-12.5706997 -72.5285972,-12.5706281 -72.5288297,-12.5706042 -72.5291172,-12.5706221 -72.5293008,-12.5706699 -72.5294109,-12.5708072 -72.5295271,-12.5708848 -72.5296862,-12.5708788 -72.5298758,-12.5707833 -72.5300226,-12.5706161 -72.5302368,-12.5705385 -72.5304203,-12.5704907 -72.5306833,-12.5705027 -72.5308424,-12.5705266 -72.531032,-12.5705146 -72.5311055,-12.5706161 -72.5312462,-12.5707415 -72.5313869,-12.5708968 -72.5314725,-12.5711177 -72.5316316,-12.5715715 -72.5316744,-12.5717506 -72.5317356,-12.5719476 -72.5317295,-12.572079 -72.5316193,-12.5722402 -72.5314725,-12.5723955 -72.5313135,-12.5724552 -72.5312584,-12.5725388 -72.5313257,-12.572688 -72.5314848,-12.5727358 -72.5317111,-12.572694 -72.5319803,-12.5726642 -72.5322678,-12.5726343 -72.5325186,-12.5725447 -72.5328123,-12.5724134 -72.5329888,-12.572311 -72.5333082,-12.572122 -72.5335502,-12.5721126 -72.5336664,-12.5721976 -72.5337632,-12.5723771 -72.5340439,-12.5724905 -72.5344795,-12.572585 -72.5349539,-12.5723771 -72.535254,-12.5723488 -72.5356509,-12.5725188 -72.5359413,-12.5727645 -72.5362414,-12.5730102 -72.5363092,-12.5733314 -72.5362027,-12.573681 -72.536222,-12.5739928 -72.5363672,-12.574418 -72.5365415,-12.5746636 -72.5368706,-12.5748337 -72.5371707,-12.5749848 -72.5375386,-12.5753911 -72.5377999,-12.5755045 -72.5379064,-12.5756368 -72.5378677,-12.5758163 -72.5377128,-12.5759675 -72.5377128,-12.5761186 -72.537829,-12.5763171 -72.537858,-12.5765722 -72.5378871,-12.5768839 -72.5379936,-12.5770162 -72.5380904,-12.577243 -72.5382453,-12.5773375 -72.5384969,-12.5774036 -72.5388321,-12.5776381 -72.5389897,-12.5778431 -72.5392195,-12.5780289 -72.5395674,-12.5782147 -72.5397184,-12.5783685 -72.5398038,-12.5786505 -72.5398038,-12.5788811 -72.5397447,-12.5792143 -72.539725,-12.5794514 -72.5396265,-12.5795603 -72.5394033,-12.5797269 -72.5390816,-12.5799768 -72.5389044,-12.5801434 -72.5386614,-12.5802331 -72.5381756,-12.5805727 -72.5379458,-12.5807457 -72.5378342,-12.5809508 -72.5376767,-12.5810853 -72.5374403,-12.5812776 -72.5374666,-12.5815979 -72.5374272,-12.581867 -72.5373156,-12.5820721 -72.5372368,-12.5822707 -72.5372565,-12.5825911 -72.5373221,-12.5827192 -72.5375716,-12.5829179 -72.5377489,-12.5830781 -72.5377817,-12.5832062 -72.5377751,-12.5833344 -72.5377292,-12.5834945 -72.5376438,-12.5836996 -72.5377095,-12.583847 -72.5378014,-12.5839879 -72.5378408,-12.5841609 -72.5379261,-12.5842763 -72.5380377,-12.584603 -72.5380837,-12.5847376 -72.5380706,-12.5848657 -72.5380312,-12.5849875 -72.5379852,-12.5851541 -72.5380246,-12.5853014 -72.5380443,-12.5854744 -72.5381297,-12.5856859 -72.5383397,-12.5858333 -72.5387271,-12.5862561 -72.5390028,-12.5864099 -72.5395609,-12.586679 -72.5396725,-12.5867944 -72.5396659,-12.5869033 -72.5395477,-12.5870635 -72.5394099,-12.5874095 -72.539272,-12.587685 -72.5392917,-12.587858 -72.5394755,-12.5879925 -72.5395083,-12.5881143 -72.5396396,-12.5882296 -72.5397775,-12.5884282 -72.5398366,-12.5887358 -72.5399613,-12.589274 -72.5399876,-12.5895239 -72.5397775,-12.5897994 -72.5394164,-12.5902415 -72.5393442,-12.5904914 -72.5393902,-12.5907349 -72.5397316,-12.5910745 -72.539922,-12.5912539 -72.5403553,-12.5919459 -72.540627,-12.592245 -72.5408963,-12.5925214 -72.5408615,-12.5928292 -72.5408127,-12.5929609 -72.5408034,-12.5931421 -72.5408777,-12.5932871 -72.5409055,-12.5934139 -72.5409478,-12.5936766 -72.541066,-12.5939713 -72.5411408,-12.5942322 -72.541299,-12.5944023 -72.5415244,-12.5944913 -72.5418407,-12.5946761 -72.5419589,-12.5948427 -72.5419983,-12.5952271 -72.5421558,-12.5953552 -72.5422084,-12.5956372 -72.5422609,-12.5959703 -72.5423659,-12.5963035 -72.5424184,-12.5965982 -72.5424841,-12.5969314 -72.5426477,-12.5973071 -72.54312,-12.5974853 -72.5432963,-12.5976512 -72.5433723,-12.5980699 -72.5433404,-12.598407 -72.5435041,-12.5985852 -72.5437056,-12.5987204 -72.5437371,-12.5988372 -72.5436111,-12.5988986 -72.5434222,-12.5987327 -72.5431641,-12.5985115 -72.5430759,-12.5982472 -72.5431263,-12.5980445 -72.54312,-12.597897 -72.543057,-12.5977618 -72.5427863,-12.5977065 -72.5424337,-12.5976266 -72.5420559,-12.5975529 -72.5419866,-12.5974115 -72.5419929,-12.5972579 -72.5420433,-12.5970858 -72.5419803,-12.5969322 -72.5417095,-12.5966372 -72.5414955,-12.5963177 -72.5414514,-12.5960412 -72.5414385,-12.5957138 -72.5413318,-12.595482 -72.5408784,-12.5951686 -72.5405614,-12.5950332 -72.5404381,-12.5948866 -72.5404313,-12.5947323 -72.540425,-12.5945602 -72.540381,-12.5944066 -72.5401606,-12.5941485 -72.5402172,-12.5939211 -72.5402424,-12.5936814 -72.5400913,-12.593534 -72.5398143,-12.5934848 -72.5392476,-12.5935278 -72.5390272,-12.5934664 -72.538939,-12.5933127 -72.5389201,-12.5931775 -72.538769,-12.5930055 -72.5387249,-12.5927228 -72.5385109,-12.5924954 -72.5382212,-12.5922865 -72.5378812,-12.5921329 -72.5374152,-12.592096 -72.5368926,-12.5922496 -72.5363448,-12.592268 -72.5360866,-12.5922066 -72.5357907,-12.5922435 -72.5352807,-12.5922988 -72.5347769,-12.5923356 -72.5340465,-12.5922435 -72.5338136,-12.5920038 -72.5337254,-12.5918195 -72.5335365,-12.5917334 -72.5332595,-12.5917519 -72.5329824,-12.5916597 -72.5328124,-12.5915614 -72.532422,-12.5914569 -72.5322457,-12.5913217 -72.5318805,-12.5913893 -72.5311816,-12.5916965 -72.5305582,-12.5917826 -72.5302245,-12.5917088 -72.5299978,-12.5914815 -72.5297459,-12.5913278 -72.5296515,-12.5911128 -72.5296452,-12.59091 -72.5296074,-12.5907502 -72.5295696,-12.5905843 -72.5295885,-12.5903569 -72.5295507,-12.590234 -72.5293429,-12.5901357 -72.5291729,-12.5900312 -72.5291603,-12.5898591 -72.5291918,-12.5895642 -72.5291666,-12.5894167 -72.529047,-12.5893429 -72.528474,-12.5893491 -72.5280521,-12.5892938 -72.5277184,-12.5892446 -72.5274414,-12.5893306 -72.527095,-12.5894228 -72.526881,-12.5894167 -72.5265095,-12.5895396 -72.5262954,-12.5895396 -72.5260939,-12.5894351 -72.525905,-12.5892815 -72.5257035,-12.5892385 -72.5255713,-12.5893737 -72.5254579,-12.5895887 -72.5254012,-12.5897792 -72.5253131,-12.5899083 -72.5251305,-12.5899144 -72.5249605,-12.5898345 -72.5248408,-12.5898038 -72.5247779,-12.5899021 -72.5247212,-12.5900988 -72.5246519,-12.5902954 -72.5242301,-12.5905658 -72.524016,-12.5908178 -72.5230967,-12.5911926 -72.5224733,-12.5913709 -72.5218625,-12.591334 -72.5215351,-12.5913217 -72.5213147,-12.591377 -72.5211825,-12.5915122 -72.5211006,-12.5917211 -72.5209432,-12.5919301 -72.5207165,-12.5920714 -72.5206977,-12.5921943 -72.5208047,-12.5922742 -72.5210125,-12.592268 -72.5210755,-12.5921759 -72.5212014,-12.5919362 -72.5213588,-12.5917457 -72.5216421,-12.591672 -72.5221459,-12.5916351 -72.5223411,-12.591672 -72.5223537,-12.591758 -72.5221585,-12.5918809 -72.5219192,-12.5920407 -72.5215666,-12.5923848 -72.5212455,-12.592563 -72.5208928,-12.5925999 -72.5207228,-12.5925937 -72.5206788,-12.5926491 -72.5207417,-12.5927044 -72.5209999,-12.5927289 -72.5215792,-12.592772 -72.5220577,-12.5926736 -72.5223852,-12.5926921 -72.5226622,-12.592772 -72.5228952,-12.5927474 -72.5230022,-12.592772 -72.5229959,-12.5928457 -72.52287,-12.5928887 -72.5227,-12.5928764 -72.5224355,-12.5928826 -72.521957,-12.5929686 -72.5216421,-12.5930178 -72.5215981,-12.5931099 -72.5216862,-12.5931775 -72.5219507,-12.5931161 -72.5222655,-12.5930608 -72.5226055,-12.5930608 -72.5228637,-12.5930731 -72.5228889,-12.593153 -72.5228196,-12.5932083 -72.5224985,-12.5931837 -72.5221396,-12.5932759 -72.5218916,-12.5933937 -72.5213796,-12.5935501 -72.5209343,-12.5935718 -72.5205959,-12.5934588 -72.520498,-12.5934849 -72.5204757,-12.5935631 -72.5205381,-12.5936283 -72.5208679,-12.5936823 -72.5212646,-12.5938175 -72.5216487,-12.5938605 -72.5225869,-12.593842 -72.5230906,-12.5938236 -72.5234055,-12.5938236 -72.523651,-12.5935471 -72.5240288,-12.5931169 -72.5244318,-12.5928035 -72.524734,-12.5927052 -72.5250048,-12.592613 -72.5251874,-12.5925208 -72.5253763,-12.5922935 -72.5255526,-12.5921214 -72.52571,-12.5921828 -72.5256911,-12.5923856 -72.5256534,-12.5927052 -72.5257667,-12.5931046 -72.5259178,-12.5932767 -72.5261067,-12.5933811 -72.5263271,-12.5934733 -72.526516,-12.5936515 -72.5267931,-12.5936577 -72.5269882,-12.5936085 -72.527089,-12.5934549 -72.5271331,-12.593246 -72.5272401,-12.5931784 -72.5273283,-12.5932337 -72.5274794,-12.5933689 -72.5277124,-12.5933689 -72.5279013,-12.5932951 -72.5280272,-12.5931845 -72.5281153,-12.5932152 -72.5282035,-12.5934365 -72.5283294,-12.5937068 -72.5284001,-12.5940555 -72.5284946,-12.5942951 -72.5286772,-12.5946454 -72.5286898,-12.5948974 -72.5286835,-12.5951493 -72.528652,-12.5953521 -72.5287086,-12.5954504 -72.528885,-12.5954811 -72.5291179,-12.5956471 -72.5292187,-12.5957823 -72.5292061,-12.5960342 -72.5292565,-12.5961878 -72.5293761,-12.5963107 -72.5294013,-12.5963845 -72.5292942,-12.5965074 -72.529162,-12.596747 -72.5291431,-12.5970236 -72.5292753,-12.5972755 -72.529502,-12.5973677 -72.5297224,-12.597337 -72.5299365,-12.5973124 -72.5299869,-12.5974046 -72.5299113,-12.5975029 -72.5297665,-12.5977057 -72.5298106,-12.59789 -72.5299869,-12.5980129 -72.5302702,-12.5980068 -72.5306984,-12.5979576 -72.5310762,-12.5980006 -72.5315358,-12.5981174 -72.531794,-12.5980682 -72.5321025,-12.5979699 -72.5326441,-12.5979146 -72.5331793,-12.5980129 -72.5334689,-12.5982157 -72.5336641,-12.5984738 -72.5338908,-12.5986889 -72.5347975,-12.5991129 -72.5352131,-12.5992173 -72.5355594,-12.5991682 -72.5356224,-12.5992112 -72.5355783,-12.5992972 -72.5354649,-12.5995 -72.5352446,-12.5996905 -72.5351942,-12.5999363 -72.5352949,-12.6001821 -72.5352383,-12.6007905 -72.5352886,-12.6009871 -72.5354775,-12.6012145 -72.535509,-12.6013927 -72.5353579,-12.6015586 -72.5353075,-12.6017245 -72.5355594,-12.6020809 -72.5356979,-12.6021485 -72.5358616,-12.6021977 -72.5358616,-12.6023267 -72.5357798,-12.6024373 -72.5353642,-12.6025418 -72.5350494,-12.6028736 -72.5349108,-12.6032669 -72.5347408,-12.6034819 -72.534659,-12.6036479 -72.5345519,-12.6038076 -72.5344197,-12.6038445 -72.5343756,-12.6037585 -72.5344197,-12.6036417 -72.5345016,-12.6035004 -72.5346275,-12.6033468 -72.5346653,-12.6031747 -72.5347219,-12.6030272 -72.5348038,-12.6028797 -72.5347282,-12.6028244 -72.534596,-12.6029289 -72.5344638,-12.6031931 -72.534319,-12.6034512 -72.5341301,-12.6036417 -72.5337145,-12.6037646 -72.5336074,-12.6038937 -72.5337019,-12.6040227 -72.5339412,-12.6040288 -72.5342308,-12.6041149 -72.5345205,-12.6043361 -72.5348605,-12.6045204 -72.5354524,-12.6045757 -72.535805,-12.6045757 -72.5360316,-12.6047355 -72.5361513,-12.6049076 -72.5362646,-12.6050612 -72.5364976,-12.6050919 -72.5366235,-12.6049752 -72.5368565,-12.6049199 -72.5373767,-12.6051015 -72.5375993,-12.6051449 -72.5376171,-12.6052753 -72.5375281,-12.6053796 -72.5373767,-12.6055534 -72.5373589,-12.6059705 -72.5372342,-12.6062573 -72.536691,-12.6071002 -72.5366554,-12.6074391 -72.5365841,-12.6077259 -72.5365396,-12.607891 -72.5365485,-12.6081865 -72.5366732,-12.608369 -72.536948,-12.6085935 -72.5370205,-12.6088233 -72.5370507,-12.6091592 -72.5371836,-12.6095541 -72.5371654,-12.6096897 -72.5372198,-12.6098134 -72.5373708,-12.6098429 -72.537564,-12.6098782 -72.5377633,-12.6099843 -72.5380049,-12.6099902 -72.5387114,-12.6099843 -72.5389953,-12.610114 -72.5390678,-12.6102908 -72.5391463,-12.6105206 -72.5392308,-12.6106797 -72.5391946,-12.6107682 -72.5390436,-12.6107799 -72.5389651,-12.6106562 -72.5388926,-12.6103556 -72.5388141,-12.6102377 -72.538639,-12.6102024 -72.5382464,-12.6103144 -72.5379445,-12.6104087 -72.5377271,-12.6103674 -72.5376063,-12.6102142 -72.5373164,-12.6101611 -72.5368031,-12.6102142 -72.5364468,-12.6101965 -72.5362656,-12.6100845 -72.5362596,-12.6099608 -72.53632,-12.6097663 -72.5364226,-12.6096189 -72.5363924,-12.609507 -72.5363139,-12.6092889 -72.5361992,-12.6091003 -72.5361267,-12.6089294 -72.5360241,-12.6087703 -72.5358791,-12.6087997 -72.5358731,-12.6089648 -72.5360663,-12.6092771 -72.5362233,-12.6094362 -72.5361992,-12.6095423 -72.5361026,-12.6095423 -72.5359274,-12.6093891 -72.5357161,-12.6092653 -72.5356677,-12.6090767 -72.53571,-12.6088999 -72.5356979,-12.6087997 -72.5355832,-12.6088115 -72.535547,-12.6090414 -72.5355107,-12.6093596 -72.5356617,-12.6095187 -72.5357704,-12.6096013 -72.5357221,-12.6097309 -72.5354503,-12.6098724 -72.5354322,-12.610055 -72.5356255,-12.6102142 -72.5360482,-12.6103674 -72.53632,-12.6105913 -72.536634,-12.6107564 -72.5367971,-12.6109685 -72.5368756,-12.611328 -72.5371352,-12.6116404 -72.5373828,-12.6117406 -72.5377694,-12.6117936 -72.5381136,-12.6119056 -72.5383068,-12.6118997 -72.5385363,-12.6118525 -72.53879,-12.6119233 -72.5390255,-12.6119527 -72.5391221,-12.6120706 -72.5390919,-12.612436 -72.5391161,-12.6128132 -72.5392972,-12.6129605 -72.5396113,-12.6129841 -72.5399253,-12.6128662 -72.5403903,-12.6127483 -72.5406923,-12.6127719 -72.5408493,-12.6128073 -72.5408251,-12.6128957 -72.5407164,-12.6129369 -72.5405051,-12.6128485 -72.5402997,-12.6129016 -72.5400582,-12.6130194 -72.5398287,-12.6131903 -72.5392852,-12.6132198 -72.5388624,-12.6129782 -72.538802,-12.6126128 -72.538645,-12.6124596 -72.5384699,-12.6123712 -72.5380471,-12.6124478 -72.5379022,-12.6124419 -72.5376848,-12.6125185 -72.5373225,-12.612548 -72.5368333,-12.612436 -72.5363924,-12.612212 -72.5359802,-12.6119283 -72.5359225,-12.61191 -72.5358675,-12.6118825 -72.5358327,-12.6118629 -72.5357964,-12.6118212 -72.5357649,-12.6117804 -72.5357437,-12.6117446 -72.5357209,-12.6116907 -72.5357053,-12.6116228 -72.535705,-12.6115751 -72.5357019,-12.6115363 -72.5356952,-12.6114982 -72.5356838,-12.6114572 -72.5356728,-12.6114328 -72.5356546,-12.6114145 -72.5356251,-12.6113992 -72.5355908,-12.6114068 -72.5355735,-12.6114272 -72.5355568,-12.6114582 -72.5355503,-12.6115438 -72.5355527,-12.611596 -72.5355644,-12.6116545 -72.5355745,-12.6116974 -72.5355933,-12.6117441 -72.5356141,-12.6118118 -72.5356476,-12.6118734 -72.5356932,-12.6119192 -72.5357361,-12.6119663 -72.5357898,-12.6119951 -72.5362656,-12.6123712 -72.536791,-12.6126481 -72.5372923,-12.6128485 -72.5375278,-12.6128426 -72.5376305,-12.6129192</coordinates></LineString></Placemark><Placemark><ExtendedData><Data name="@id"><value>way/297442210</value></Data><Data name="highway"><value>primary</value></Data><Data name="ref"><value>CU-104</value></Data><Data name="source"><value>bing ; http://www.mtc.gob.pe/estadisticas/estadistica/mapas/TRANSPORTES/VIAL/08_CUSCO_VIAL.pdf</value></Data><Data name="surface"><value>dirt</value></Data></ExtendedData><LineString><coordinates>-71.9432562,-13.0504293 -71.9432776,-13.0503091 -71.9432991,-13.0498753 -71.943329,-13.0495385 -71.9433823,-13.0492386 -71.9433817,-13.0491458 -71.9433716,-13.049057 -71.9433488,-13.0489897 -71.9432958,-13.0489172 -71.9432321,-13.0488695 -71.9431557,-13.0488296 -71.9430444,-13.0488042 -71.9424704,-13.048829 -71.9423731,-13.0488388 -71.9422806,-13.0488577 -71.9418427,-13.0489974 -71.9418038,-13.0490067 -71.9417623,-13.049008 -71.9417207,-13.0489995 -71.9416915,-13.0489789 -71.9416748,-13.0489475 -71.9416657,-13.0489083 -71.9416691,-13.0488561 -71.9416905,-13.048814 -71.9417281,-13.0487669 -71.9424864,-13.0481247 -71.9425271,-13.0480603 -71.9425508,-13.0480084 -71.9425702,-13.0479464 -71.9425823,-13.0478693 -71.942583,-13.047809 -71.9424865,-13.0473227 -71.9424917,-13.0471579 -71.9426768,-13.0468757 -71.9428002,-13.0466589 -71.9428672,-13.0464969 -71.9428565,-13.0463061 -71.9427894,-13.0460945 -71.9426473,-13.0459089 -71.9426018,-13.0457836 -71.9425051,-13.0455248 -71.9423817,-13.0452949 -71.9423791,-13.0450362 -71.94232,-13.0448167 -71.9420921,-13.0446495 -71.9417943,-13.0445136 -71.9415234,-13.0444248 -71.9411963,-13.0442759 -71.9408712,-13.0441329 -71.940617,-13.0439363 -71.9403702,-13.0437638 -71.9401984,-13.0436017 -71.9400268,-13.0434135 -71.9398658,-13.0431339 -71.9396781,-13.0428935 -71.939544,-13.0427603 -71.9393739,-13.0426591 -71.9391525,-13.0425592 -71.9388922,-13.0424467 -71.9387019,-13.042392 -71.9385436,-13.0423475 -71.9384256,-13.0422692 -71.9382994,-13.0422011 -71.9381814,-13.0422377 -71.9381279,-13.0422953 -71.9381653,-13.0423762 -71.9382672,-13.0423997 -71.9384899,-13.0424363 -71.9386642,-13.0425147 -71.9389111,-13.0426611 -71.9391069,-13.042797 -71.939324,-13.0430294 -71.9393884,-13.0431914 -71.939375,-13.0432724 -71.9393213,-13.043275 -71.9392598,-13.0432177 -71.9392194,-13.0430947 -71.9391363,-13.0429928 -71.9389405,-13.0428883 -71.9387098,-13.0428073 -71.9385247,-13.0427263 -71.938278,-13.0427263 -71.9379561,-13.0426923 -71.9376584,-13.0426061 -71.9372642,-13.0425017 -71.936843,-13.0424023 -71.9364541,-13.0422873 -71.9360732,-13.0421932 -71.9359739,-13.0421593 -71.9356655,-13.0420757 -71.9354993,-13.0420079 -71.935239,-13.0418379 -71.9349145,-13.0417255 -71.9347079,-13.0416236 -71.9344907,-13.0415792 -71.9343002,-13.0415034 -71.9339275,-13.0412814 -71.9336941,-13.0411428 -71.9333615,-13.0409547 -71.9330316,-13.040743 -71.9327662,-13.0405994 -71.9325434,-13.0404556 -71.93231,-13.0403537 -71.9320741,-13.0401996 -71.931838,-13.0400192 -71.9315966,-13.039865 -71.9314385,-13.0396927 -71.9312533,-13.0395881 -71.9311193,-13.0394811 -71.9310549,-13.0393556 -71.9310093,-13.0393034 -71.9309604,-13.0392951 -71.9309287,-13.0393215 -71.9308806,-13.0393844 -71.9309288,-13.0394706 -71.9310789,-13.0396586 -71.9312586,-13.0398781 -71.9314276,-13.0400532 -71.9315805,-13.040257 -71.9317119,-13.0404086 -71.9319373,-13.0406099 -71.9321652,-13.040824 -71.9323315,-13.0410278 -71.9325167,-13.0411743 -71.9326158,-13.0412499 -71.9327607,-13.041331 -71.9328653,-13.0414224 -71.9328653,-13.0415086 -71.9328518,-13.0415635 -71.9328063,-13.0415818 -71.9327607,-13.0415269 -71.9326964,-13.0414513 -71.9325675,-13.041344 -71.9324148,-13.0412239 -71.9322135,-13.0411245 -71.9321223,-13.0410696 -71.9319266,-13.0408895 -71.9317335,-13.0407928 -71.9315538,-13.0406674 -71.9313312,-13.0405106 -71.9311381,-13.0403695 -71.9309771,-13.0402806 -71.9308886,-13.0402179 -71.9308189,-13.0400847 -71.9306632,-13.0399591 -71.9305453,-13.0398312 -71.9304541,-13.0397345 -71.9303359,-13.0396011 -71.9301081,-13.039387 -71.9299819,-13.0392327 -71.9298318,-13.0390238 -71.9297379,-13.0388435 -71.929687,-13.0385822 -71.9295822,-13.0382031 -71.9295286,-13.0379183 -71.9294937,-13.0377223 -71.9293732,-13.0374193 -71.9293355,-13.0372363 -71.9292979,-13.0369253 -71.9292256,-13.0366798 -71.9292042,-13.03651 -71.9292952,-13.0362564 -71.929349,-13.035956 -71.929314,-13.0356789 -71.929365,-13.0353 -71.9293864,-13.0349289 -71.9293758,-13.0346652 -71.9293893,-13.0341922 -71.9293758,-13.0338865 -71.9292791,-13.0336329 -71.9292122,-13.0334736 -71.9292228,-13.0333193 -71.9291236,-13.0330893 -71.929062,-13.032951 -71.9290699,-13.0327313 -71.929062,-13.0324884 -71.9290325,-13.0322141 -71.9289681,-13.0319449 -71.9288179,-13.0316967 -71.9287107,-13.0315216 -71.9286463,-13.031289 -71.9285926,-13.0310512 -71.9285309,-13.0308787 -71.9284611,-13.030714 -71.9283405,-13.0304424 -71.928201,-13.0301941 -71.9280668,-13.0299091 -71.9279087,-13.0296845 -71.9277047,-13.0295146 -71.9275384,-13.0294414 -71.9274392,-13.0293342 -71.9273615,-13.0292325 -71.9273025,-13.0292037 -71.927246,-13.0292297 -71.9272326,-13.0293003 -71.9272916,-13.0293656 -71.9273614,-13.0294309 -71.9274231,-13.0295119 -71.9274338,-13.0296034 -71.927383,-13.0296506 -71.9272997,-13.0296086 -71.9272167,-13.0295173 -71.9271389,-13.0294258 -71.9270235,-13.0293474 -71.9268893,-13.0291879 -71.9267982,-13.0290809 -71.9266802,-13.0290495 -71.9265406,-13.0290494 -71.9263557,-13.0288588 -71.9261195,-13.0286966 -71.9260177,-13.0285949 -71.9259049,-13.0283961 -71.9257629,-13.028297 -71.9255589,-13.0282315 -71.925323,-13.0281166 -71.9248724,-13.0279076 -71.9246389,-13.0277846 -71.9244379,-13.0277142 -71.9243063,-13.0276618 -71.9241508,-13.0275756 -71.9240677,-13.0274843 -71.9238906,-13.027296 -71.9237109,-13.027215 -71.9235821,-13.0272071 -71.9233676,-13.0272097 -71.9231932,-13.0272254 -71.923043,-13.0271784 -71.9229169,-13.0270974 -71.9227642,-13.0269878 -71.9226354,-13.0269224 -71.9224476,-13.0268361 -71.9222383,-13.0267786 -71.9219728,-13.0267603 -71.9218737,-13.026729 -71.9217207,-13.0266479 -71.9215732,-13.0265512 -71.9214364,-13.0265199 -71.9212191,-13.0264728 -71.9210045,-13.0264101 -71.9208302,-13.026384 -71.9206934,-13.0263291 -71.9205754,-13.0261723 -71.9204654,-13.0260338 -71.9202669,-13.0258457 -71.9200711,-13.0256863 -71.9198941,-13.0255765 -71.9197306,-13.025561 -71.9196473,-13.0255059 -71.9195348,-13.0253885 -71.9193685,-13.0252343 -71.9191969,-13.025101 -71.9190572,-13.0249833 -71.9189124,-13.0249023 -71.918824,-13.024824 -71.9187194,-13.02473 -71.9185451,-13.0246176 -71.9183626,-13.0245182 -71.9182714,-13.0244241 -71.9181882,-13.0243039 -71.9180917,-13.0241732 -71.9179148,-13.0240061 -71.917684,-13.0237812 -71.9175418,-13.0236271 -71.9174613,-13.0235382 -71.9174157,-13.0234467 -71.9173701,-13.0233945 -71.9173084,-13.0233605 -71.9172441,-13.0233631 -71.9172174,-13.0234051 -71.9172226,-13.0234729 -71.9173058,-13.0235669 -71.9173998,-13.0237317 -71.9174481,-13.0238389 -71.9174747,-13.0239642 -71.9175473,-13.0240897 -71.9175822,-13.0241315 -71.9176115,-13.0241889 -71.9175901,-13.0242464 -71.9175338,-13.0242542 -71.9174882,-13.0242333 -71.9174372,-13.0241523 -71.9173675,-13.0240608 -71.9172816,-13.0239772 -71.9171207,-13.0238596 -71.9169143,-13.0237317 -71.9167076,-13.0236166 -71.9164233,-13.0234102 -71.9162061,-13.0232455 -71.9160693,-13.0231227 -71.9158708,-13.0229973 -71.9157018,-13.0228744 -71.9156482,-13.0227856 -71.9155248,-13.0226602 -71.9154792,-13.0225922 -71.9154068,-13.022553 -71.915337,-13.0225609 -71.9152969,-13.0226054 -71.9153103,-13.0226786 -71.9154042,-13.0228145 -71.9155786,-13.0230418 -71.915651,-13.0231281 -71.9156912,-13.0232613 -71.9157715,-13.0234258 -71.9159246,-13.0236246 -71.9160693,-13.0238152 -71.9161578,-13.023891 -71.9163001,-13.0239591 -71.9163724,-13.0240295 -71.9163563,-13.0240974 -71.9162812,-13.0241053 -71.9161658,-13.0240635 -71.9160049,-13.024006 -71.9158441,-13.0239042 -71.9156643,-13.0237995 -71.9154847,-13.0236742 -71.9152968,-13.0235487 -71.9151305,-13.0234415 -71.915042,-13.0233501 -71.9149724,-13.0232639 -71.9148542,-13.0232063 -71.9147013,-13.0231828 -71.9146075,-13.0232011 -71.9145809,-13.0232331 -71.9145486,-13.0232718 -71.9145511,-13.0233605 -71.9146237,-13.0234207 -71.9147632,-13.0235227 -71.9148194,-13.023661 -71.9148409,-13.0238362 -71.914908,-13.0239329 -71.9150125,-13.0240478 -71.9150527,-13.0241314 -71.9150366,-13.0242098 -71.9149481,-13.0242124 -71.9148837,-13.0241445 -71.9148462,-13.0240608 -71.914763,-13.0240007 -71.9145699,-13.0239171 -71.9144009,-13.0238779 -71.9142024,-13.0238962 -71.9139798,-13.0239197 -71.9138404,-13.0239354 -71.9137627,-13.0239826 -71.9136727,-13.0240125 -71.9136285,-13.0240046 -71.9134113,-13.0239042 -71.9132181,-13.0237838 -71.9129981,-13.0237185 -71.9127326,-13.0236558 -71.912518,-13.0235826 -71.9123598,-13.023533 -71.9122929,-13.0234625 -71.9122096,-13.0233474 -71.9121103,-13.023337 -71.9118877,-13.0233265 -71.9117831,-13.0232351 -71.9117482,-13.0231384 -71.911708,-13.0229528 -71.9117001,-13.022757 -71.9117482,-13.0226602 -71.9117965,-13.0225765 -71.9117751,-13.0224877 -71.9116572,-13.0224016 -71.9115202,-13.0223361 -71.9114237,-13.0222708 -71.91141,-13.0222374 -71.9113915,-13.0221924 -71.9113808,-13.0221114 -71.9113942,-13.0220199 -71.9113405,-13.0219677 -71.9112601,-13.021965 -71.9112091,-13.0220408 -71.9111984,-13.0221427 -71.9111684,-13.02219 -71.911142,-13.0222316 -71.9110267,-13.0222629 -71.9108577,-13.0222734 -71.9106433,-13.0223336 -71.9104608,-13.0224328 -71.9103375,-13.022514 -71.9102676,-13.0225478 -71.9101899,-13.0225295 -71.9101443,-13.0224746 -71.9101524,-13.0224042 -71.9102275,-13.0223545 -71.9103213,-13.0222499 -71.9104366,-13.0221297 -71.9106163,-13.0220617 -71.9107022,-13.0219729 -71.9107457,-13.0218493 -71.9107639,-13.0217978 -71.9108282,-13.0214842 -71.910906,-13.0213143 -71.9109623,-13.0211315 -71.9110322,-13.0210401 -71.9111771,-13.0209068 -71.9113031,-13.0208023 -71.911539,-13.0206951 -71.9116678,-13.0206194 -71.911708,-13.0205122 -71.9117107,-13.0203554 -71.911735,-13.0202509 -71.9118181,-13.0201986 -71.9119682,-13.0201646 -71.9122419,-13.0200889 -71.9124082,-13.0200314 -71.9124833,-13.0199687 -71.9126442,-13.0198249 -71.9128828,-13.0197178 -71.9130652,-13.0196734 -71.9131351,-13.0196002 -71.9132261,-13.0194774 -71.9133014,-13.0193049 -71.9134032,-13.0192578 -71.9135642,-13.0192578 -71.913701,-13.0192186 -71.91376,-13.0191011 -71.9137411,-13.0190148 -71.9136875,-13.0187796 -71.9136446,-13.018547 -71.913701,-13.0184347 -71.9137921,-13.0182988 -71.9138189,-13.0181498 -71.913835,-13.0180401 -71.913878,-13.0179199 -71.9139342,-13.0178493 -71.9140819,-13.0178676 -71.9141704,-13.0178258 -71.9142214,-13.0177709 -71.9142963,-13.0176272 -71.9143553,-13.0174861 -71.914444,-13.0174599 -71.9145808,-13.0174233 -71.9147578,-13.0174834 -71.914967,-13.0175462 -71.9150743,-13.0176036 -71.9152004,-13.017635 -71.9153211,-13.0176219 -71.9154336,-13.0175775 -71.9155811,-13.01752 -71.9157314,-13.0174808 -71.9158495,-13.0174259 -71.9159271,-13.0173502 -71.9160158,-13.0172456 -71.9161686,-13.0171254 -71.9163777,-13.017034 -71.9165655,-13.0169634 -71.9167131,-13.0169059 -71.9168927,-13.0168353 -71.917051,-13.0168118 -71.917153,-13.0167857 -71.9173299,-13.0167334 -71.9175285,-13.0167021 -71.9176144,-13.0166707 -71.9176571,-13.0165949 -71.9176491,-13.0165165 -71.9175713,-13.0164904 -71.9174426,-13.0165087 -71.917287,-13.0165505 -71.9171128,-13.0165636 -71.91689,-13.0166106 -71.9166969,-13.0165714 -71.9164744,-13.0165479 -71.9162463,-13.0165688 -71.9159633,-13.0165819 -71.9157675,-13.0166015 -71.9156456,-13.0166014 -71.9155625,-13.0165701 -71.9155367,-13.0165154 -71.9155431,-13.0164606 -71.915592,-13.0164264 -71.9158011,-13.0164028 -71.9159419,-13.0163845 -71.9160679,-13.0163662 -71.9163187,-13.0162866 -71.9165682,-13.0162421 -71.9166889,-13.0162212 -71.9168677,-13.0161949 -71.9170054,-13.016081 -71.9171223,-13.0160307 -71.9172875,-13.0160139 -71.9174217,-13.0159603 -71.9175662,-13.0158228 -71.9176212,-13.0157692 -71.9177451,-13.0157625 -71.917922,-13.0156733 -71.9181677,-13.0156188 -71.9183161,-13.015569 -71.9185034,-13.0155666 -71.9186372,-13.0156283 -71.9187856,-13.0156496 -71.9188708,-13.0156212 -71.9188659,-13.0155643 -71.9188148,-13.0155003 -71.9186518,-13.0154718 -71.9185594,-13.0154576 -71.918372,-13.0154173 -71.9181628,-13.0154031 -71.9179293,-13.015396 -71.9177687,-13.0153889 -71.91763,-13.0153581 -71.9176154,-13.0152538 -71.9176689,-13.0152111 -71.9177711,-13.0152182 -71.9178806,-13.0152656 -71.9180363,-13.0152751 -71.918625,-13.0152348 -71.9189729,-13.0152158 -71.9191502,-13.0152182 -71.9193424,-13.0152679 -71.9196551,-13.0153118 -71.9198789,-13.0153094 -71.9201562,-13.0152881 -71.9203727,-13.015326 -71.9206987,-13.0154896 -71.9208885,-13.0155488 -71.9211123,-13.0156934 -71.9213653,-13.0157811 -71.9214967,-13.0158925 -71.9215819,-13.0160561 -71.9216232,-13.0161959 -71.9217765,-13.016305 -71.9218933,-13.0164235 -71.9220952,-13.0166605 -71.9221852,-13.0167056 -71.9222825,-13.0168027 -71.9223288,-13.0169236 -71.922538,-13.0170943 -71.922701,-13.0171441 -71.9228907,-13.0171749 -71.9229589,-13.0171322 -71.9229662,-13.0170635 -71.9228737,-13.0169568 -71.9225964,-13.0167127 -71.9223336,-13.0164756 -71.9221755,-13.0162125 -71.922156,-13.0159921 -71.9221001,-13.0157479 -71.9221049,-13.0155891 -71.9221536,-13.0154493 -71.9221244,-13.015281 -71.9220246,-13.0150582 -71.9220344,-13.0148733 -71.9220952,-13.0147216 -71.9221731,-13.0145675 -71.9221341,-13.0143376 -71.922122,-13.0141419 -71.9220463,-13.0139207 -71.9220257,-13.01379 -71.9220394,-13.013629 -71.9219328,-13.013438 -71.9219431,-13.0132905 -71.9220188,-13.0131564 -71.9220188,-13.0129787 -71.9219465,-13.0128446 -71.9219913,-13.0127642 -71.9220704,-13.0127709 -71.9221771,-13.0127944 -71.9223112,-13.0128145 -71.9223766,-13.0128647 -71.9223801,-13.0129217 -71.9223869,-13.0130525 -71.922411,-13.013267 -71.9224729,-13.0133776 -71.9225968,-13.0135486 -71.922731,-13.013629 -71.9228996,-13.0136223 -71.9230682,-13.0135486 -71.9231714,-13.0135855 -71.9232264,-13.0137095 -71.9232987,-13.0137832 -71.9235412,-13.0138603 -71.9238543,-13.0139592 -71.9240625,-13.013981 -71.9241605,-13.0140682 -71.9241399,-13.0141972 -71.9240281,-13.0143699 -71.9238406,-13.0144855 -71.9236462,-13.0146179 -71.9236427,-13.0147252 -71.923746,-13.0148224 -71.9239386,-13.014809 -71.9240831,-13.0148543 -71.9241709,-13.014923 -71.9242896,-13.0149381 -71.9243979,-13.0149029 -71.9245941,-13.0147135 -71.9247884,-13.0146179 -71.9250895,-13.0145425 -71.9255024,-13.0143263 -71.9257621,-13.0142291 -71.9259925,-13.0141379 -71.9262699,-13.0140763 -71.9264767,-13.0139815 -71.9267565,-13.0138795 -71.9272698,-13.0137622 -71.9274522,-13.0135987 -71.9278597,-13.0134517 -71.9285446,-13.0130715 -71.9288537,-13.0126163 -71.9291412,-13.0122802 -71.929788,-13.011839 -71.9304924,-13.0113488 -71.931053,-13.0111037 -71.931362,-13.0110337 -71.9315633,-13.0110563 -71.9317357,-13.0110757 -71.9322317,-13.0110197 -71.9326054,-13.0108727 -71.9328928,-13.0107385 -71.9329504,-13.0107116 -71.933396,-13.0105365 -71.9339925,-13.0104665 -71.9343064,-13.0105753 -71.9348023,-13.0105543 -71.9352623,-13.0104843 -71.9356792,-13.0103302 -71.9361966,-13.0102952 -71.9367429,-13.0103302 -71.937131,-13.0104633 -71.9372566,-13.010429 -71.9373106,-13.0104142 -71.9373106,-13.0102462 -71.9371741,-13.0100571 -71.9369585,-13.0097 -71.9368507,-13.0093218 -71.9366782,-13.0092238 -71.9365025,-13.0091032 -71.9364895,-13.0088892 -71.9366657,-13.0085266 -71.9369302,-13.0081926 -71.9370059,-13.0080059 -71.9370059,-13.0078777 -71.9369678,-13.0077731 -71.9368674,-13.0076382 -71.9367739,-13.0074425 -71.9365835,-13.0072434 -71.9364831,-13.0071254 -71.9364484,-13.0069837 -71.936438,-13.0068555 -71.9363826,-13.0067172 -71.936393,-13.0066227 -71.9364138,-13.0065215 -71.9364,-13.0064372 -71.9362753,-13.0062854 -71.9361541,-13.0061605 -71.9361645,-13.0060762 -71.9361576,-13.0059581 -71.9361195,-13.0058771 -71.9360052,-13.0057523 -71.9360018,-13.0055938 -71.9359637,-13.0054082 -71.9359568,-13.0051653 -71.9359706,-13.0049899 -71.9360156,-13.0048178 -71.9360676,-13.0046896 -71.9360641,-13.0045412 -71.9360226,-13.0042005 -71.9360676,-13.0039373 -71.9360987,-13.0037889 -71.9361541,-13.003745 -71.9361991,-13.0037653 -71.9362165,-13.0038327 -71.9361922,-13.0041161 -71.9361957,-13.0041937 -71.9362822,-13.004386 -71.9363861,-13.0044838 -71.9364796,-13.0044569 -71.93649,-13.0043961 -71.9364727,-13.0043422 -71.9363861,-13.0042106 -71.9363723,-13.0040993 -71.9364103,-13.003998 -71.9364554,-13.0038058 -71.9366527,-13.0032693 -71.9367774,-13.0031074 -71.9368501,-13.0030399 -71.9368916,-13.0028915 -71.9369782,-13.00277 -71.9371755,-13.0024799 -71.9374621,-13.0021896 -71.937608,-13.0018436 -71.9380899,-13.0015656 -71.9383308,-13.0013184 -71.9385051,-13.0012182 -71.9386332,-13.0011473 -71.9387579,-13.0010394 -71.9388825,-13.0009415 -71.9390981,-13.0007685 -71.9391805,-13.0005894 -71.9393776,-13.000395 -71.9395786,-12.9998452 -71.9397434,-12.9994745 -71.939978,-12.9990852 -71.9400034,-12.9985477 -71.9397942,-12.9980967 -71.9398068,-12.9979793 -71.939984,-12.9975868 -71.9399447,-12.9975 -71.9398842,-12.9974306 -71.9398619,-12.9972109 -71.9398727,-12.9970023 -71.9398176,-12.9968439 -71.9397397,-12.9966353 -71.9397243,-12.9965546 -71.9397422,-12.9964399 -71.9397954,-12.9963671 -71.9399075,-12.9962629 -71.9400444,-12.9961678 -71.9402454,-12.9961069 -71.9403758,-12.9960512 -71.940558,-12.9960084 -71.9408386,-12.9960119 -71.9410274,-12.9960301 -71.941238,-12.9960071 -71.9415085,-12.9959944 -71.9416574,-12.995984 -71.9417655,-12.9959508 -71.9419235,-12.9958877 -71.9420677,-12.9958596 -71.9422181,-12.9958443 -71.9423546,-12.9958173 -71.9424909,-12.995806 -71.9426183,-12.9958134 -71.9427667,-12.9958579 -71.9429778,-12.9959619 -71.9431521,-12.9960724 -71.9432848,-12.9961777 -71.9433658,-12.9961774 -71.943462,-12.9961259 -71.9435778,-12.9960406 -71.943654,-12.9959562 -71.9437198,-12.9958774 -71.943722,-12.9957912 -71.9437255,-12.995718 -71.9437645,-12.9955876 -71.9438391,-12.9954331 -71.9438926,-12.9952142 -71.9439817,-12.9949369 -71.9440144,-12.9948378 -71.9440149,-12.9947071 -71.9440085,-12.9946332 -71.944043,-12.9945286 -71.9441114,-12.9944794 -71.9441918,-12.994441 -71.9443123,-12.9944317 -71.9444138,-12.994491 -71.9445593,-12.9945558 -71.9446808,-12.9945824 -71.9448717,-12.9946333 -71.9449848,-12.9946975 -71.9450782,-12.9948185 -71.9451554,-12.9949013 -71.9452467,-12.9949398 -71.9453516,-12.994932 -71.9454579,-12.9949046 -71.9455514,-12.9948402 -71.9456656,-12.9947369 -71.9457541,-12.9946455 -71.945841,-12.9945613 -71.9459157,-12.9943979 -71.9459665,-12.9942442 -71.9459773,-12.9941328 -71.9459733,-12.9939038 -71.9459427,-12.9938219 -71.9459574,-12.9936811 -71.9459941,-12.9935833 -71.946097,-12.9934592 -71.9462292,-12.9934092 -71.9463736,-12.9933543 -71.9464885,-12.9932846 -71.9465941,-12.9931699 -71.9466876,-12.9930265 -71.9467637,-12.9928763 -71.9468122,-12.9927734 -71.9468538,-12.9927043 -71.9468642,-12.9926115 -71.9468313,-12.9925457 -71.9467655,-12.9925086 -71.9466962,-12.9925153 -71.946646,-12.9925778 -71.9466564,-12.992684 -71.9466252,-12.9927903 -71.9465595,-12.9929286 -71.9464469,-12.9930298 -71.9463777,-12.9930467 -71.9462842,-12.9930315 -71.9461388,-12.993018 -71.9460124,-12.9930551 -71.9458912,-12.9930872 -71.9457475,-12.9930939 -71.9456696,-12.9930568 -71.9455831,-12.9929506 -71.9455086,-12.9929033 -71.9453996,-12.9929067 -71.9452888,-12.9929725 -71.9451918,-12.993045 -71.9451156,-12.9930332 -71.9450775,-12.9929927 -71.945062,-12.9929337 -71.9450741,-12.9928561 -71.9451035,-12.9927768 -71.9451087,-12.9926891 -71.9451035,-12.9925794 -71.9449433,-12.9920801 -71.9449559,-12.9918947 -71.9450574,-12.9918762 -71.9451335,-12.9920368 -71.9451462,-12.9922592 -71.9452603,-12.9924261 -71.9454203,-12.9925761 -71.9454965,-12.992598 -71.9455796,-12.9925879 -71.9456783,-12.9925508 -71.94577,-12.9924563 -71.9458098,-12.9923838 -71.9458635,-12.9922707 -71.945957,-12.9921594 -71.9460713,-12.9921189 -71.9461907,-12.9920447 -71.9462859,-12.9919519 -71.9463206,-12.9918811 -71.94635,-12.9917714 -71.946369,-12.9916314 -71.946414,-12.991515 -71.9464348,-12.9913396 -71.9464816,-12.9911237 -71.9464989,-12.9910494 -71.9465508,-12.9909482 -71.9466097,-12.9908757 -71.9466755,-12.9907104 -71.9467828,-12.9906075 -71.9469386,-12.990486 -71.9470702,-12.9903983 -71.9471238,-12.9903291 -71.9471914,-12.990292 -71.9472589,-12.9902633 -71.9473593,-12.9902482 -71.9474303,-12.9902195 -71.9474995,-12.9901486 -71.9475601,-12.9900778 -71.9476224,-12.9900255 -71.947709,-12.9899985 -71.9478111,-12.9900019 -71.9479011,-12.9899934 -71.9479773,-12.9899529 -71.9479877,-12.9898922 -71.9479617,-12.989818 -71.9479063,-12.9897927 -71.9478284,-12.9898315 -71.9477159,-12.989899 -71.9474597,-12.9899917 -71.9473195,-12.9900592 -71.9470009,-12.9901318 -71.9468555,-12.9901908 -71.9466651,-12.9902178 -71.9465629,-12.9902684 -71.946485,-12.9903696 -71.9463794,-12.9905872 -71.9462911,-12.9907745 -71.9462392,-12.9908268 -71.9461942,-12.9908234 -71.9461526,-12.9907896 -71.9461422,-12.9907525 -71.9461388,-12.9906699 -71.9461647,-12.9906193 -71.9462478,-12.9905231 -71.9463863,-12.9903173 -71.9464937,-12.9901014 -71.9465456,-12.9900424 -71.946646,-12.9899951 -71.9468555,-12.989899 -71.9469698,-12.9897657 -71.9470286,-12.9896493 -71.9470857,-12.9895768 -71.9471221,-12.9894452 -71.947181,-12.9892731 -71.9471983,-12.9891415 -71.9471879,-12.9889712 -71.9472156,-12.9887282 -71.9472693,-12.9884297 -71.9473108,-12.9881817 -71.9474095,-12.9880383 -71.9474718,-12.9879843 -71.9475099,-12.9879371 -71.9475151,-12.9878814 -71.9474701,-12.9878139 -71.9473524,-12.9876689 -71.9472866,-12.9875828 -71.9472173,-12.9874361 -71.9470909,-12.9872842 -71.9468624,-12.9871189 -71.9466633,-12.9870295 -71.9465075,-12.9870211 -71.9463656,-12.9870228 -71.9462825,-12.987011 -71.9462271,-12.9869536 -71.9461855,-12.9868507 -71.9461873,-12.9865875 -71.9461578,-12.9864981 -71.9460799,-12.9863598 -71.9459985,-12.9861591 -71.9457995,-12.9858183 -71.9456904,-12.9856496 -71.9455848,-12.9854978 -71.9455415,-12.9853915 -71.945538,-12.9852616 -71.9454982,-12.9851351 -71.9454013,-12.9849377 -71.9453563,-12.9848112 -71.9453442,-12.9845868 -71.9453649,-12.9844047 -71.9454324,-12.9842933 -71.9455346,-12.984236 -71.9456644,-12.9842343 -71.9457839,-12.9842613 -71.9458722,-12.9842714 -71.9459605,-12.9842326 -71.9460747,-12.9842292 -71.9462115,-12.984236 -71.9463275,-12.9841853 -71.9465335,-12.9841533 -71.9466478,-12.9841398 -71.9468018,-12.9841094 -71.9469213,-12.9840926 -71.9470546,-12.9841061 -71.9472519,-12.9841516 -71.9474995,-12.9841415 -71.9478111,-12.9841651 -71.9480829,-12.9841465 -71.9482907,-12.9840706 -71.9483928,-12.983993 -71.9484344,-12.9839121 -71.9484274,-12.983848 -71.9483686,-12.9837282 -71.9483288,-12.9836 -71.9482682,-12.9834802 -71.9481868,-12.9833925 -71.9480518,-12.9832862 -71.9480033,-12.9832221 -71.9479912,-12.9831293 -71.9480223,-12.9830247 -71.9480223,-12.9829606 -71.9479964,-12.9828797 -71.9478856,-12.9827346 -71.947844,-12.9826722 -71.947844,-12.9825693 -71.9477592,-12.9823719 -71.947709,-12.9822892 -71.9475428,-12.9821711 -71.9473281,-12.982048 -71.9471463,-12.9819754 -71.9469351,-12.981913 -71.946833,-12.9818759 -71.9467793,-12.9818067 -71.9467499,-12.9817224 -71.9467949,-12.9816094 -71.946859,-12.9814103 -71.9469092,-12.9812804 -71.9470355,-12.9811202 -71.9472398,-12.9808688 -71.9472935,-12.9807389 -71.9473593,-12.980528 -71.9474562,-12.9803711 -71.9475722,-12.9801603 -71.9476986,-12.9798819 -71.9477176,-12.9797014 -71.9477661,-12.9794821 -71.947825,-12.9793083 -71.9479427,-12.9792172 -71.9480604,-12.9790722 -71.9480829,-12.9789591 -71.9480621,-12.9788157 -71.9480777,-12.9786909 -71.9481591,-12.9785981 -71.9482734,-12.9784733 -71.948282,-12.9783366 -71.9482959,-12.9782118 -71.9483616,-12.9780482 -71.9484136,-12.9778828 -71.9485486,-12.977672 -71.948817,-12.9774881 -71.949203,-12.9774139 -71.9493831,-12.9774071 -71.9495289,-12.9774706 -71.9497947,-12.9774776 -71.9502054,-12.9775488 -71.9504304,-12.9775269 -71.9506122,-12.9775775 -71.9508223,-12.977571 -71.9509122,-12.9775448 -71.9509546,-12.9774758 -71.9510641,-12.9772823 -71.9511532,-12.9772349 -71.951303,-12.9771692 -71.9513913,-12.9771186 -71.9514068,-12.9770596 -71.9513791,-12.9769061 -71.9513307,-12.9766986 -71.9511766,-12.9764 -71.9509896,-12.9761722 -71.9508823,-12.9759867 -71.9508256,-12.975833 -71.9508117,-12.9757648 -71.9508207,-12.9756951 -71.9508787,-12.9756328 -71.9510217,-12.9755986 -71.9512388,-12.9755435 -71.9513774,-12.9754304 -71.9515047,-12.9753393 -71.9517495,-12.9752383 -71.9518915,-12.9751727 -71.9519637,-12.9750701 -71.9520703,-12.9749584 -71.952172,-12.9748774 -71.9523717,-12.97478 -71.9525857,-12.9747042 -71.95285,-12.9746025 -71.9530055,-12.9745393 -71.9530569,-12.974482 -71.9530951,-12.9744113 -71.9531266,-12.9743645 -71.9531731,-12.9743371 -71.9532209,-12.9743281 -71.9532797,-12.9743711 -71.9533005,-12.9744367 -71.9532895,-12.9744963 -71.9532466,-12.9745488 -71.9531132,-12.9746156 -71.9530079,-12.9747039 -71.9528206,-12.9748315 -71.9526468,-12.9749043 -71.9524926,-12.9750347 -71.9524112,-12.975108 -71.9523089,-12.975199 -71.9522122,-12.9753552 -71.9520445,-12.9754936 -71.9518854,-12.9755723 -71.9517821,-12.9756349 -71.9517427,-12.9756696 -71.9517309,-12.9757312 -71.9517474,-12.9757632 -71.9517926,-12.9757673 -71.9518523,-12.9757537 -71.9519215,-12.9757225 -71.9519959,-12.9756701 -71.9522159,-12.9755389 -71.9524422,-12.9754282 -71.9526878,-12.975315 -71.9528811,-12.9752183 -71.9530548,-12.9751363 -71.9533737,-12.9749985 -71.953664,-12.9748721 -71.9539053,-12.9747792 -71.9541515,-12.9746791 -71.9544426,-12.9746049 -71.9548694,-12.9745786 -71.9551208,-12.9745631 -71.9554146,-12.9745834 -71.9558051,-12.9746061 -71.9563278,-12.9746323 -71.9565445,-12.9746443 -71.9566888,-12.9746262 -71.956804,-12.9746429 -71.9569323,-12.9746719 -71.9571639,-12.9747731 -71.9574871,-12.974915 -71.9577956,-12.9749938 -71.9580232,-12.9750737 -71.9581518,-12.9750689 -71.9582424,-12.9750596 -71.9583542,-12.975028 -71.9585081,-12.9750176 -71.9586745,-12.9750105 -71.9587871,-12.9750153 -71.9588924,-12.974983 -71.9589744,-12.9749461 -71.9590405,-12.9749449 -71.9591825,-12.9749425 -71.9592927,-12.9749234 -71.9593649,-12.9748745 -71.9594543,-12.9748125 -71.9596122,-12.974723 -71.9596477,-12.9746574 -71.9596501,-12.9745918 -71.9595804,-12.9743544 -71.9595289,-12.9741635 -71.9594579,-12.9740311 -71.9594375,-12.9739352 -71.9594894,-12.9738418 -71.9595521,-12.9737575 -71.959678,-12.9736594 -71.9597515,-12.9734984 -71.9597293,-12.9733287 -71.9596532,-12.9731752 -71.9595767,-12.9730233 -71.9595594,-12.9728618 -71.9595578,-12.972682 -71.9595943,-12.9725133 -71.959532,-12.9723941 -71.959584,-12.9723182 -71.959745,-12.9722608 -71.9598802,-12.9722086 -71.9600185,-12.9721647 -71.9604012,-12.9719689 -71.960874,-12.9716742 -71.9615988,-12.9712689 -71.9618169,-12.9711069 -71.9620233,-12.9709487 -71.9622359,-12.9707864 -71.9624644,-12.9706683 -71.9627811,-12.9705696 -71.963163,-12.9704956 -71.9632695,-12.9704599 -71.9633956,-12.9703346 -71.9634923,-12.9702392 -71.9636946,-12.9701058 -71.9639545,-12.9699095 -71.9642403,-12.9696373 -71.9644287,-12.9694663 -71.9645197,-12.9693524 -71.9645457,-12.9692384 -71.9646626,-12.9688839 -71.9648315,-12.9685673 -71.96524,-12.9681114 -71.9653145,-12.9680146 -71.9654304,-12.9679074 -71.9656006,-12.9677911 -71.9657046,-12.9676863 -71.9657743,-12.9674955 -71.9656701,-12.9672218 -71.9657234,-12.967012 -71.965608,-12.966863 -71.9655061,-12.9667794 -71.9654927,-12.966667 -71.9656751,-12.9664291 -71.9658682,-12.9663481 -71.9662606,-12.9660804 -71.9666401,-12.9659301 -71.9670514,-12.9656796 -71.9673354,-12.9655901 -71.9675929,-12.9654855 -71.9679221,-12.9654199 -71.9680885,-12.9654437 -71.9683774,-12.9654485 -71.9686565,-12.9654032 -71.9689406,-12.9654485 -71.9690627,-12.9654751 -71.9692478,-12.9654829 -71.9694651,-12.9654541 -71.9699103,-12.9655404 -71.9701678,-12.9655848 -71.970385,-12.9657587 -71.9705173,-12.9658374 -71.9705344,-12.965909 -71.9705589,-12.9661523 -71.9705124,-12.9663146 -71.9704903,-12.9664458 -71.9704952,-12.9666772 -71.9705417,-12.9668943 -71.9704683,-12.9671114 -71.9703312,-12.9672284 -71.9700961,-12.9674168 -71.9698954,-12.9675194 -71.9697387,-12.9677079 -71.96956,-12.9678535 -71.9694425,-12.967956 -71.9694498,-12.96803 -71.9695012,-12.9681231 -71.9695869,-12.9681326 -71.9696457,-12.9680252 -71.9697118,-12.9679203 -71.9698048,-12.9678344 -71.9699223,-12.9677604 -71.970008,-12.9676435 -71.9702137,-12.9675695 -71.9703606,-12.9674717 -71.9708429,-12.9673357 -71.9710461,-12.9672093 -71.9711269,-12.9670423 -71.9711783,-12.9668395 -71.9711709,-12.9665555 -71.9712493,-12.9662931 -71.971313,-12.9660641 -71.9714525,-12.9657897 -71.9715186,-12.9654891 -71.9715015,-12.9653244 -71.9714452,-12.9651216 -71.9714868,-12.9648759 -71.9716214,-12.9646015 -71.9718075,-12.964413 -71.9720083,-12.9641219 -71.9721503,-12.9638261 -71.9722335,-12.963609 -71.9722727,-12.9634945 -71.9724,-12.9633537 -71.9724832,-12.9631843 -71.9726497,-12.9630244 -71.9728946,-12.9627262 -71.9729802,-12.9625449 -71.9731198,-12.9622562 -71.9732961,-12.9619913 -71.9734895,-12.9618076 -71.9737645,-12.9616963 -71.9738869,-12.961579 -71.9739853,-12.9615098 -71.9741006,-12.9614433 -71.9741775,-12.9613865 -71.9742354,-12.9612304 -71.9742999,-12.9611255 -71.974383,-12.9610394 -71.9745897,-12.9609548 -71.9747719,-12.9608207 -71.9749996,-12.9607734 -71.9752783,-12.9606837 -71.975317,-12.9605639 -71.975289,-12.9604309 -71.9753184,-12.9600659 -71.9753771,-12.9598798 -71.9754579,-12.9597342 -71.9755289,-12.9595124 -71.9756513,-12.9592785 -71.9758922,-12.9592187 -71.9760934,-12.9590241 -71.9761913,-12.9588119 -71.9762776,-12.9585563 -71.9763417,-12.9584447 -71.9764482,-12.9583947 -71.9765644,-12.9583607 -71.9766079,-12.9582371 -71.9766721,-12.9581391 -71.9768216,-12.9580047 -71.9770369,-12.9578969 -71.9771231,-12.9577666 -71.977101,-12.9575696 -71.9769643,-12.957483 -71.9767592,-12.957299 -71.9766695,-12.9571262 -71.9766099,-12.9568832 -71.9764852,-12.9566517 -71.9763485,-12.9565127 -71.9761317,-12.9564143 -71.9759476,-12.9563883 -71.975673,-12.9563526 -71.9753646,-12.9563945 -71.9751809,-12.9564258 -71.9749824,-12.9564049 -71.9747732,-12.9563552 -71.9744781,-12.9563239 -71.9742287,-12.9562821 -71.974116,-12.9561121 -71.9740221,-12.9559788 -71.9739148,-12.9558063 -71.973762,-12.9555894 -71.9736305,-12.955409 -71.9735098,-12.9553123 -71.9734723,-12.9551999 -71.9734937,-12.9550143 -71.973424,-12.9548365 -71.9733516,-12.9546562 -71.9734106,-12.9545673 -71.9734857,-12.9545621 -71.9736144,-12.95463 -71.9737539,-12.9547372 -71.9739256,-12.9548261 -71.974116,-12.9548731 -71.9742313,-12.9548365 -71.974285,-12.9547111 -71.9742796,-12.9545856 -71.9741884,-12.954515 -71.9740221,-12.9544784 -71.973939,-12.9545229 -71.9738639,-12.9545699 -71.9737593,-12.9545333 -71.9737003,-12.954434 -71.9737325,-12.9543111 -71.9738486,-12.9542507 -71.974057,-12.9543268 -71.9742448,-12.9543268 -71.9744137,-12.9542955 -71.97458,-12.9541804 -71.9746149,-12.9540079 -71.9746525,-12.953825 -71.9747463,-12.9537126 -71.9749972,-12.9536188 -71.9752731,-12.9535692 -71.9754256,-12.9534701 -71.9755321,-12.9533309 -71.9756677,-12.9532507 -71.9758154,-12.9531375 -71.9759897,-12.9529959 -71.9760768,-12.9528992 -71.9761591,-12.952852 -71.9763988,-12.9528237 -71.9766336,-12.9528284 -71.9767038,-12.9528025 -71.9767183,-12.95276 -71.9767062,-12.9527152 -71.9766457,-12.9526987 -71.9765755,-12.9526963 -71.9763818,-12.9527034 -71.9761688,-12.9526775 -71.9759437,-12.9527341 -71.9757089,-12.9528166 -71.9754569,-12.952919 -71.9753114,-12.9530058 -71.9750843,-12.953093 -71.9747651,-12.9532107 -71.9743574,-12.9532603 -71.9741053,-12.9532107 -71.9739578,-12.9530669 -71.9737968,-12.9529702 -71.9736064,-12.9529623 -71.9735072,-12.9528735 -71.9735313,-12.9527349 -71.9736761,-12.9526827 -71.9738961,-12.9527271 -71.9741187,-12.9528552 -71.9743199,-12.9529676 -71.9745318,-12.9529571 -71.9747783,-12.9528158 -71.9749501,-12.9527214 -71.9751583,-12.9525751 -71.9752479,-12.9525044 -71.9753617,-12.9523652 -71.9754706,-12.9522661 -71.9755263,-12.9521906 -71.9755166,-12.9521316 -71.9754658,-12.9520844 -71.9754077,-12.9520821 -71.9753665,-12.9521175 -71.9752987,-12.9522519 -71.9751825,-12.9524029 -71.9750131,-12.9525067 -71.9747437,-12.9526042 -71.9745532,-12.9526591 -71.974293,-12.9526565 -71.9740999,-12.9525206 -71.9738907,-12.952382 -71.973629,-12.9521947 -71.9734388,-12.9520475 -71.9732081,-12.9519612 -71.9730659,-12.9519011 -71.9729305,-12.9518305 -71.9727669,-12.9516998 -71.9727722,-12.9515979 -71.9728125,-12.9514881 -71.9729144,-12.9514855 -71.9730378,-12.9515299 -71.9732094,-12.9516606 -71.973422,-12.9517642 -71.9736157,-12.9518963 -71.9737839,-12.9520096 -71.9739509,-12.9520721 -71.9740998,-12.9521204 -71.9742148,-12.9521476 -71.9743395,-12.9521381 -71.9745416,-12.9520895 -71.9746494,-12.9520445 -71.9747008,-12.9519861 -71.9747264,-12.9518944 -71.9747692,-12.9517659 -71.9748428,-12.9516625 -71.9749199,-12.9515357 -71.9749284,-12.9514606 -71.9749164,-12.9513572 -71.9748754,-12.9512171 -71.9748942,-12.9511387 -71.9749524,-12.9510769 -71.9750482,-12.9510569 -71.9751424,-12.9510352 -71.9751818,-12.9509919 -71.9751835,-12.9509318 -71.9751492,-12.9507266 -71.975091,-12.9505748 -71.9750209,-12.950423 -71.9750123,-12.9502929 -71.9750634,-12.9501652 -71.9751663,-12.9500321 -71.9752608,-12.9499584 -71.9753512,-12.9499543 -71.975431,-12.9500055 -71.9755129,-12.9500444 -71.9755696,-12.9500608 -71.975599,-12.9500342 -71.9756221,-12.9499707 -71.9755843,-12.9498929 -71.9755066,-12.9497619 -71.9754247,-12.9496535 -71.9753911,-12.9495347 -71.9753575,-12.9493444 -71.9752495,-12.9491579 -71.9751396,-12.9489104 -71.97504,-12.9488166 -71.9747396,-12.9486754 -71.9743641,-12.9485421 -71.9741978,-12.9485761 -71.9740664,-12.9485473 -71.9739911,-12.948417 -71.9738011,-12.948125 -71.9737206,-12.9479882 -71.9736949,-12.9478998 -71.9737001,-12.9478064 -71.97376,-12.947713 -71.9738404,-12.9476096 -71.9739277,-12.9475211 -71.974015,-12.9474761 -71.9741708,-12.9474511 -71.9743334,-12.947396 -71.9744721,-12.9473109 -71.9745782,-12.9472325 -71.9746176,-12.9471508 -71.9745987,-12.9470657 -71.9745816,-12.9468939 -71.9746107,-12.9467921 -71.9746706,-12.9466587 -71.974746,-12.9465536 -71.9748298,-12.9465302 -71.9749599,-12.9465402 -71.9751414,-12.9465769 -71.9754298,-12.9464217 -71.9756798,-12.946258 -71.9760305,-12.946084 -71.9763372,-12.9459673 -71.9765724,-12.9459121 -71.9768979,-12.9457033 -71.9772844,-12.94556 -71.9775073,-12.9454855 -71.9777007,-12.9454005 -71.9778787,-12.9452787 -71.9780448,-12.9450835 -71.9782519,-12.9448983 -71.9783769,-12.9447966 -71.9784162,-12.9447215 -71.9784197,-12.9446564 -71.9783751,-12.9445847 -71.9782776,-12.9444663 -71.978079,-12.944226 -71.9779553,-12.9440771 -71.9777774,-12.9438577 -71.9777338,-12.9437669 -71.9777156,-12.943669 -71.9777374,-12.943564 -71.977741,-12.9434684 -71.9777217,-12.943354 -71.9776745,-12.9432136 -71.9776442,-12.9431322 -71.9776491,-12.9430532 -71.9776854,-12.9429282 -71.9777435,-12.9427819 -71.977833,-12.9426462 -71.9779504,-12.9425472 -71.9780327,-12.9424634 -71.9780582,-12.9423761 -71.9780715,-12.942172 -71.9780908,-12.9420057 -71.9781548,-12.9416967 -71.9781905,-12.9413754 -71.9782618,-12.9411119 -71.9782915,-12.9409556 -71.9782826,-12.9407472 -71.9783331,-12.9405301 -71.9784253,-12.9403353 -71.9784697,-12.9401277 -71.9785083,-12.9399482 -71.9784931,-12.9397706 -71.9784723,-12.9396432 -71.9784902,-12.9395419 -71.9785448,-12.9395039 -71.9785941,-12.9394695 -71.9787842,-12.9394174 -71.9789416,-12.9393653 -71.9790694,-12.9392901 -71.9791555,-12.9392032 -71.9791882,-12.9390411 -71.9792126,-12.9388489 -71.9792987,-12.9385971 -71.9793807,-12.9383679 -71.9794374,-12.9381673 -71.9794437,-12.9378705 -71.9794227,-12.9375081 -71.9794076,-12.9373697 -71.979369,-12.9372481 -71.9793422,-12.9371757 -71.9792056,-12.9371381 -71.9790957,-12.9370831 -71.9790185,-12.9369557 -71.9789739,-12.9367154 -71.9789561,-12.936562 -71.978965,-12.9363825 -71.9789116,-12.9362465 -71.9788106,-12.9361307 -71.9787733,-12.9360693 -71.9787555,-12.9360172 -71.9787644,-12.9359448 -71.9788001,-12.9358695 -71.9788654,-12.9358261 -71.9789011,-12.9358261 -71.9790169,-12.935884 -71.9791743,-12.9359535 -71.9793377,-12.9359361 -71.979611,-12.9358666 -71.9799703,-12.9357985 -71.9803022,-12.9356634 -71.9805794,-12.9354751 -71.9808483,-12.9352704 -71.9810667,-12.9351517 -71.9813439,-12.9349879 -71.981638,-12.9347382 -71.9818354,-12.9345253 -71.9819152,-12.9343001 -71.9819446,-12.934165 -71.9819614,-12.9340135 -71.9820496,-12.9339235 -71.9821715,-12.9339194 -71.9823227,-12.9339767 -71.9824571,-12.9339972 -71.9825915,-12.933948 -71.982852,-12.9338948 -71.9830304,-12.9339141 -71.9832195,-12.9339776 -71.9833497,-12.9340533 -71.9835051,-12.9340492 -71.9836416,-12.9340063 -71.9837865,-12.9340001 -71.983879,-12.9340103 -71.9839483,-12.9340963 -71.9840113,-12.9342376 -71.98411,-12.9343031 -71.9842969,-12.9342949 -71.984467,-12.9342519 -71.9845973,-12.9342458 -71.9847114,-12.9341649 -71.984852,-12.9340817 -71.9850332,-12.9339746 -71.9852352,-12.933937 -71.9854431,-12.9339543 -71.985654,-12.9340093 -71.9859065,-12.933992 -71.9861175,-12.9340682 -71.9862341,-12.9341678 -71.9865338,-12.9341346 -71.9866045,-12.9340643 -71.9867946,-12.9339659 -71.9870352,-12.9339804 -71.9872728,-12.9339167 -71.9874867,-12.9338993 -71.9876211,-12.9339213 -71.9876929,-12.9339982 -71.9877755,-12.9340664 -71.9878777,-12.9340699 -71.9879764,-12.9340104 -71.9882055,-12.9338356 -71.9884401,-12.9337604 -71.9887431,-12.9337083 -71.9889629,-12.933717 -71.9891391,-12.9337814 -71.9892414,-12.9337953 -71.989324,-12.9337534 -71.9894101,-12.9337009 -71.9894872,-12.9336135 -71.9895375,-12.9335855 -71.9896326,-12.9335907 -71.9897384,-12.933589 -71.9898371,-12.933547 -71.9900352,-12.933523 -71.9906025,-12.9334246 -71.9908114,-12.9333844 -71.9909083,-12.9333599 -71.9909927,-12.9333004 -71.9911219,-12.9332497 -71.9912636,-12.933262 -71.9913946,-12.9332952 -71.9915489,-12.9333319 -71.9916189,-12.9333214 -71.9917122,-12.9332829 -71.9918485,-12.9331955 -71.9919849,-12.9331483 -71.9921213,-12.9331011 -71.9923617,-12.9331028 -71.9926686,-12.9330906 -71.9927726,-12.9331186 -71.9929538,-12.93322 -71.9930866,-12.9332882 -71.9931458,-12.9332882 -71.993171,-12.9332497 -71.9932134,-12.9331698 -71.9933815,-12.933133 -71.9934366,-12.933096 -71.993474,-12.9330656 -71.9936525,-12.9328869 -71.9937807,-12.9326921 -71.9938897,-12.9326613 -71.9940159,-12.9326537 -71.9942458,-12.9326972 -71.9944517,-12.9327538 -71.9946403,-12.9328086 -71.9948063,-12.9328603 -71.9951665,-12.9328853 -71.9955515,-12.9329705 -71.9958607,-12.9330427 -71.9962046,-12.9331425 -71.99658,-12.9333007 -71.9968674,-12.9334085 -71.9970859,-12.933448 -71.9972537,-12.9334564 -71.9973894,-12.9334847 -71.9976238,-12.9335773 -71.9977494,-12.9336043 -71.9978594,-12.933598 -71.9979397,-12.9335482 -71.9980078,-12.9334438 -71.9980369,-12.9333934 -71.9981149,-12.9332054 -71.9982338,-12.9329392 -71.9982615,-12.9328527 -71.9982746,-12.9327628 -71.9983056,-12.9325988 -71.9983993,-12.9325309 -71.9984773,-12.9325115 -71.9985522,-12.9324849 -71.9986544,-12.9324264 -71.9987674,-12.9323501 -71.9988332,-12.9323464 -71.9988899,-12.9323603 -71.9989509,-12.9324162 -71.9990393,-12.9324884 -71.9991199,-12.9325667 -71.99924,-12.9326999 -71.9993431,-12.9328148 -71.9995123,-12.9329054 -71.9996428,-12.9329124 -71.9997052,-12.9328921 -71.9997855,-12.9328227 -71.9998645,-12.9327253 -71.9999058,-12.9327253 -72.000023,-12.9327293 -72.0002154,-12.9327857 -72.00036,-12.932853 -72.0004785,-12.9328621 -72.0005383,-12.932853 -72.0006281,-12.9328745 -72.0007757,-12.9329291 -72.0009682,-12.933007 -72.0011527,-12.9331004 -72.0013094,-12.933106 -72.0014162,-12.9330989 -72.001499,-12.9331007 -72.0016041,-12.9331319 -72.0017586,-12.9331735 -72.0018854,-12.9331909 -72.0021215,-12.9332426 -72.0023477,-12.9332938 -72.0025709,-12.933299 -72.0026817,-12.9332785 -72.0027539,-12.9332456 -72.0028279,-12.9331603 -72.0029213,-12.9330795 -72.0029724,-12.9330166 -72.0030104,-12.9329269 -72.0030354,-12.9327945 -72.0030437,-12.932653 -72.0031081,-12.9324766 -72.0031299,-12.9323728</coordinates></LineString></Placemark><Placemark><ExtendedData><Data name="@id"><value>way/297443377</value></Data><Data name="highway"><value>secondary</value></Data><Data name="ref"><value>CU-104</value></Data><Data name="source"><value>bing; http://www.mtc.gob.pe/portal/transportes/red_vial/mapas_redvial.htm</value></Data><Data name="surface"><value>dirt</value></Data></ExtendedData><LineString><coordinates>-72.4092475,-12.4343718 -72.409416,-12.4343877 -72.409517,-12.4343972 -72.4101148,-12.4345427 -72.4105696,-12.4346235 -72.4107495,-12.4346923 -72.4110321,-12.4348069 -72.4114929,-12.4348345 -72.411919,-12.4349321 -72.4122428,-12.4349215 -72.4128515,-12.4348324 -72.4134601,-12.434809 -72.4138818,-12.434826 -72.4141252,-12.4349343 -72.4141948,-12.4350277 -72.4143404,-12.4352951 -72.4145122,-12.4355626 -72.4146621,-12.4358152 -72.4147208,-12.435881 -72.4148078,-12.4358767 -72.4149056,-12.4358385 -72.4149969,-12.4358598 -72.4151295,-12.4360211 -72.415236,-12.4361124 -72.4154708,-12.4361442 -72.4155722,-12.4362405 -72.4158421,-12.436464 -72.416095,-12.4365352 -72.4162323,-12.4365098 -72.4165403,-12.4364497 -72.4166636,-12.4365012 -72.4169922,-12.4366072 -72.417221,-12.436739 -72.4173677,-12.4367763 -72.4174322,-12.4368536 -72.4174938,-12.4369854 -72.4175789,-12.4369482 -72.417664,-12.4368078 -72.4177638,-12.4367276 -72.4179017,-12.4367877 -72.4181862,-12.4369482 -72.4184033,-12.4371 -72.4186586,-12.4371258 -72.418952,-12.4370055 -72.4191339,-12.436825 -72.4192248,-12.4365929 -72.4194859,-12.4363523 -72.419615,-12.4362147 -72.4196414,-12.4359655 -72.4196385,-12.4357735 -72.4196942,-12.4355844 -72.4198879,-12.4353696 -72.4201637,-12.4351805 -72.4204835,-12.435126 -72.4208003,-12.4351862 -72.4212433,-12.4351633 -72.4216247,-12.4351977 -72.4221382,-12.4354125 -72.4225137,-12.4355501 -72.4230036,-12.4355185 -72.4232296,-12.4355214 -72.4237224,-12.4354383 -72.4245058,-12.4352865 -72.4248696,-12.4351719 -72.4251196,-12.4349423 -72.4251923,-12.4348567 -72.425251,-12.4346619 -72.4252979,-12.4343811 -72.4253038,-12.4341204 -72.4252393,-12.4339227 -72.4252891,-12.4338339 -72.425427,-12.4337164 -72.4257761,-12.4335015 -72.4258935,-12.43345 -72.4261458,-12.433619 -72.4264216,-12.4337107 -72.4267297,-12.4338568 -72.4270318,-12.4338597 -72.4273106,-12.4339141 -72.4276509,-12.4340516 -72.427868,-12.4341405 -72.4283022,-12.4341233 -72.4291149,-12.434086 -72.4293379,-12.434149 -72.4295432,-12.4342493 -72.4297281,-12.434192 -72.4299012,-12.4340746 -72.4301095,-12.4340173 -72.4303207,-12.4340287 -72.4306581,-12.4340373 -72.4307901,-12.4341032 -72.4309808,-12.4343525 -72.4310219,-12.4345645 -72.4310278,-12.4348395 -72.4310776,-12.4351289 -72.4310806,-12.4354698 -72.4311803,-12.4356704 -72.4313188,-12.4359966 -72.4314661,-12.4362701 -72.4316974,-12.4364845 -72.4318559,-12.4367309 -72.4320084,-12.4370661 -72.4322461,-12.4373268 -72.4324632,-12.4374672 -72.4325893,-12.4376821 -72.4327859,-12.4377996 -72.4330793,-12.4380775 -72.4332465,-12.4381978 -72.4334196,-12.4382064 -72.4336631,-12.4382236 -72.4338773,-12.4383869 -72.434247,-12.4385273 -72.4346665,-12.4389226 -72.4350303,-12.4392922 -72.4353824,-12.439381 -72.4355643,-12.4395701 -72.435708,-12.4398452 -72.4357608,-12.4398853 -72.4359105,-12.439765 -72.4360278,-12.4396561 -72.4362244,-12.4396704 -72.436641,-12.4397048 -72.4370224,-12.4396905 -72.437439,-12.4395759 -72.4375564,-12.43951 -72.4376708,-12.4394613 -72.4378879,-12.4394097 -72.4380786,-12.4393295 -72.4382928,-12.4392149 -72.4385451,-12.4391576 -72.4386888,-12.4390716 -72.4388091,-12.438894 -72.4390468,-12.4387794 -72.43917,-12.4386619 -72.4391846,-12.4385559 -72.4392228,-12.4384127 -72.4394575,-12.438023 -72.4396658,-12.4376878 -72.4396922,-12.4374901 -72.4396482,-12.4373097 -72.439522,-12.4369687 -72.4394252,-12.4366822 -72.4393284,-12.43641 -72.4393108,-12.4362467 -72.4393665,-12.4360605 -72.4394927,-12.435923 -72.4395514,-12.4356823 -72.4396981,-12.4354445 -72.4400355,-12.4350577 -72.4403201,-12.4349002 -72.4404521,-12.4347111 -72.4404521,-12.434565 -72.4405577,-12.4344647 -72.4407601,-12.4343558 -72.4410565,-12.4342555 -72.4413117,-12.4342355 -72.4416814,-12.434204 -72.4418897,-12.4340664 -72.4422945,-12.4338286 -72.442585,-12.4335479 -72.4427845,-12.4333817 -72.4430427,-12.4334075 -72.4435326,-12.4333903 -72.4439874,-12.4335937 -72.444272,-12.4336166 -72.4445624,-12.4336367 -72.4447062,-12.4337857 -72.4448059,-12.4339003 -72.4448734,-12.4339203 -72.4449468,-12.4338945 -72.4449585,-12.4338143 -72.444891,-12.4336567 -72.4448147,-12.4334648 -72.444759,-12.4333473 -72.4446211,-12.4332642 -72.4445771,-12.4331811 -72.4446094,-12.4331095 -72.4447091,-12.4330895 -72.4448705,-12.4331754 -72.4450318,-12.433376 -72.4453458,-12.4336109 -72.4458416,-12.4340091 -72.4460763,-12.4343701 -72.4463257,-12.4346223 -72.4463667,-12.4347225 -72.4463491,-12.4348515 -72.4462905,-12.435138 -72.4462259,-12.435476 -72.4462113,-12.4357253 -72.4462599,-12.4358157 -72.4464814,-12.4358845 -72.4465751,-12.4358382 -72.4466574,-12.4357699 -72.4466824,-12.4356051 -72.4467528,-12.4354246 -72.4469112,-12.4353487 -72.4470608,-12.4353616 -72.4472735,-12.4354175 -72.4475259,-12.4355077 -72.4477899,-12.4356252 -72.4480334,-12.435681 -72.4483033,-12.4358386 -72.4484662,-12.4358988 -72.4487757,-12.4359102 -72.448937,-12.4359733 -72.4491556,-12.4360936 -72.4493141,-12.4362139 -72.4494666,-12.4363873 -72.4495913,-12.4364746 -72.4498214,-12.4365651 -72.4499038,-12.4366064 -72.4500681,-12.4365692 -72.4502529,-12.4364761 -72.4505052,-12.4364589 -72.4508323,-12.4364331 -72.4509541,-12.43635 -72.4510964,-12.4362497 -72.4512783,-12.4361595 -72.4514616,-12.4360162 -72.4516259,-12.4359847 -72.4517506,-12.4359145 -72.4519149,-12.4359203 -72.4520675,-12.435969 -72.4521966,-12.4359503 -72.4523271,-12.435916 -72.4525178,-12.4359031 -72.4526071,-12.4359642 -72.4526942,-12.4361182 -72.4528104,-12.436256 -72.4530075,-12.4364039 -72.4531154,-12.4365254 -72.453217,-12.4365862 -72.4533104,-12.4365659 -72.4533435,-12.4365307 -72.4534037,-12.4364667 -72.453466,-12.4362843 -72.4535552,-12.4362013 -72.453663,-12.436179 -72.4538166,-12.4361911 -72.4541526,-12.4362276 -72.4543974,-12.4363046 -72.4546109,-12.4363587 -72.4547987,-12.436363 -72.455164,-12.4363816 -72.4555571,-12.4363601 -72.4557807,-12.4363506</coordinates></LineString></Placemark><Placemark><ExtendedData><Data name="@id"><value>way/297443381</value></Data><Data name="highway"><value>secondary</value></Data><Data name="ref"><value>CU-104</value></Data><Data name="source"><value>MapBox; http://www.mtc.gob.pe/portal/transportes/red_vial/mapas_redvial.htm</value></Data><Data name="surface"><value>dirt</value></Data></ExtendedData><LineString><coordinates>-72.4557807,-12.4363506 -72.4558478,-12.4363383 -72.4559233,-12.4362236 -72.4559317,-12.436068 -72.4560911,-12.435986 -72.4564937,-12.4358877 -72.4568208,-12.4357976 -72.4571648,-12.4355928 -72.4573493,-12.4354126 -72.4576765,-12.4351095 -72.4580539,-12.4347409 -72.4584482,-12.4345279 -72.4586244,-12.434274 -72.4588005,-12.4339299 -72.4591109,-12.4336678 -72.4594968,-12.4334958 -72.4597316,-12.4335122 -72.4600336,-12.4335613 -72.4606963,-12.4335449 -72.4611942,-12.4334704 -72.4615618,-12.4333986 -72.462387,-12.4332518 -72.4630686,-12.4331637 -72.4632824,-12.4331735 -72.4633793,-12.4331996 -72.4634127,-12.4332714 -72.4634261,-12.4333791 -72.463416,-12.4335389 -72.4634394,-12.4336531 -72.4635196,-12.4337021</coordinates></LineString></Placemark><Placemark><ExtendedData><Data name="@id"><value>way/341309449</value></Data><Data name="bridge"><value>yes</value></Data><Data name="bridge:name"><value>Puente Tahuis</value></Data><Data name="highway"><value>primary</value></Data><Data name="layer"><value>1</value></Data><Data name="ref"><value>CU-104</value></Data><Data name="source"><value>MapBox;http://www.mtc.gob.pe/estadisticas/estadistica/mapas/TRANSPORTES/VIAL/08_CUSCO_VIAL.pdf</value></Data><Data name="surface"><value>dirt</value></Data></ExtendedData><LineString><coordinates>-72.003654,-12.7924472 -72.003821,-12.7923087</coordinates></LineString></Placemark><Placemark><ExtendedData><Data name="@id"><value>way/341319279</value></Data><Data name="bridge"><value>yes</value></Data><Data name="highway"><value>primary</value></Data><Data name="layer"><value>1</value></Data><Data name="ref"><value>CU-104</value></Data><Data name="source"><value>bing ; http://www.mtc.gob.pe/estadisticas/estadistica/mapas/TRANSPORTES/VIAL/08_CUSCO_VIAL.pdf</value></Data><Data name="surface"><value>dirt</value></Data></ExtendedData><LineString><coordinates>-72.0031299,-12.9323728 -72.0031814,-12.93225</coordinates></LineString></Placemark><Placemark><ExtendedData><Data name="@id"><value>way/341319280</value></Data><Data name="bridge"><value>yes</value></Data><Data name="highway"><value>primary</value></Data><Data name="layer"><value>1</value></Data><Data name="ref"><value>CU-104</value></Data><Data name="source"><value>bing</value></Data><Data name="surface"><value>dirt</value></Data></ExtendedData><LineString><coordinates>-71.9937247,-12.83707 -71.9937928,-12.8369235</coordinates></LineString></Placemark><Placemark><ExtendedData><Data name="@id"><value>way/341319281</value></Data><Data name="bridge"><value>yes</value></Data><Data name="highway"><value>primary</value></Data><Data name="layer"><value>1</value></Data><Data name="ref"><value>CU-104</value></Data><Data name="source"><value>bing</value></Data><Data name="surface"><value>dirt</value></Data></ExtendedData><LineString><coordinates>-71.9937974,-12.8080268 -71.9938797,-12.8079457</coordinates></LineString></Placemark><Placemark><ExtendedData><Data name="@id"><value>way/341319282</value></Data><Data name="highway"><value>primary</value></Data><Data name="ref"><value>CU-104</value></Data><Data name="source"><value>bing</value></Data><Data name="surface"><value>dirt</value></Data></ExtendedData><LineString><coordinates>-71.9937928,-12.8369235 -71.9937914,-12.8368972 -71.9937347,-12.8368392 -71.9936269,-12.8367964 -71.9935022,-12.8367425 -71.993273,-12.8366568 -71.9930604,-12.836549 -71.9928846,-12.8364191 -71.9926295,-12.8362532 -71.9924424,-12.8361537 -71.9922071,-12.8361012 -71.9920058,-12.8360432 -71.9917507,-12.8358497 -71.9914968,-12.8356631 -71.9912803,-12.8352175 -71.9909195,-12.8348422 -71.9907547,-12.8347581 -71.9905648,-12.8347111 -71.9905024,-12.8346503 -71.9904705,-12.8345608 -71.9904968,-12.8344679 -71.9905081,-12.8343159 -71.9904401,-12.8341998 -71.9902756,-12.8342081 -71.9901566,-12.8342744 -71.9899893,-12.8342081 -71.9898873,-12.8341031 -71.9897597,-12.8339704 -71.9895584,-12.8339566 -71.9894224,-12.8339759 -71.9892948,-12.83394 -71.9891956,-12.8338073 -71.9891559,-12.8337106 -71.9890652,-12.8336111 -71.9889348,-12.8336 -71.9888809,-12.8336829 -71.9888072,-12.8338432 -71.988708,-12.8339483 -71.9885974,-12.8339787 -71.9884954,-12.8338875 -71.9884415,-12.8337797 -71.9884472,-12.8336221 -71.9883706,-12.8334618 -71.9882059,-12.83324 -71.9880386,-12.832947 -71.9879649,-12.8326789 -71.9879054,-12.8323776 -71.9878572,-12.8321012 -71.9878969,-12.8317723 -71.9878685,-12.8316341 -71.9877863,-12.8315235 -71.9876049,-12.8314129 -71.9873979,-12.8313798 -71.9871598,-12.8313632 -71.9868706,-12.831272 -71.9867601,-12.8311282 -71.9867743,-12.8309348 -71.9867828,-12.8307965 -71.9866552,-12.8306777 -71.9864057,-12.8305284 -71.9861478,-12.8304842 -71.9859748,-12.8305119 -71.9857736,-12.8304621 -71.9856619,-12.8303249 -71.9854294,-12.8301099 -71.9851889,-12.8297737 -71.9850085,-12.8296056 -71.9846998,-12.8294297 -71.9844496,-12.8292455 -71.9843373,-12.8290227 -71.984185,-12.828624 -71.9840887,-12.8283426 -71.9840426,-12.8282273 -71.9839765,-12.8281745 -71.9838823,-12.8281803 -71.9836497,-12.8282703 -71.9833932,-12.8283875 -71.9831747,-12.8284716 -71.9830664,-12.8286182 -71.9829542,-12.8287726 -71.9828472,-12.8288405 -71.9827089,-12.8288815 -71.9825947,-12.8288522 -71.9824644,-12.8286802 -71.9823642,-12.8284437 -71.9823722,-12.8281701 -71.9823481,-12.828047 -71.98228,-12.8279434 -71.9822519,-12.827832 -71.9821998,-12.8277108 -71.9820835,-12.8275974 -71.9819232,-12.8274411 -71.9817832,-12.8273182 -71.9816684,-12.8272159 -71.9816075,-12.8270957 -71.981572,-12.826804 -71.9815153,-12.826623 -71.9815224,-12.8264323 -71.9814742,-12.8262941 -71.9813835,-12.8261807 -71.981127,-12.8260287 -71.9808662,-12.8258836 -71.9806961,-12.8257965 -71.9806309,-12.8256929 -71.9806195,-12.8255478 -71.9806493,-12.8253985 -71.9806266,-12.8251911 -71.9806143,-12.8250725 -71.9806228,-12.8249841 -71.9806994,-12.8248873 -71.9808496,-12.8247795 -71.9811047,-12.8246496 -71.9814109,-12.8244838 -71.9817624,-12.824188 -71.9820601,-12.8239282 -71.98225,-12.8236794 -71.9824173,-12.8234279 -71.9825902,-12.8230464 -71.9827489,-12.8228363 -71.9827291,-12.8227783 -71.9826582,-12.8227949 -71.982576,-12.8228833 -71.9824995,-12.8229856 -71.9823747,-12.8232095 -71.9821961,-12.8234141 -71.9819892,-12.8236352 -71.9816745,-12.8239226 -71.9812748,-12.8241217 -71.9809318,-12.8242433 -71.980569,-12.8243041 -71.9803507,-12.8243539 -71.9801409,-12.8245473 -71.9798234,-12.8247298 -71.9795739,-12.8248818 -71.979384,-12.8250753 -71.9793301,-12.8252411 -71.9791856,-12.8254567 -71.9790183,-12.8255507 -71.9788822,-12.8256419 -71.9788312,-12.8257553 -71.9787887,-12.8258631 -71.9787348,-12.8258686 -71.9786781,-12.8258188 -71.978698,-12.8257497 -71.9787688,-12.8256336 -71.9788085,-12.825465 -71.9788567,-12.825371 -71.9790977,-12.8251278 -71.9792309,-12.8248652 -71.9796079,-12.8244561 -71.9798716,-12.8241687 -71.9799821,-12.8239945 -71.9801012,-12.8238922 -71.9803025,-12.8238729 -71.9805661,-12.8237844 -71.9809403,-12.8235937 -71.9811473,-12.8233836 -71.9814166,-12.8230519 -71.9817426,-12.8223996 -71.9820374,-12.8219021 -71.9822246,-12.8217829 -71.9822231,-12.8215709 -71.9820611,-12.8215007 -71.9819376,-12.8214208 -71.9818126,-12.8213136 -71.9816247,-12.8212393 -71.9813859,-12.8211912 -71.9810206,-12.8208299 -71.9807669,-12.8204136 -71.9806211,-12.8200448 -71.9806045,-12.8195045 -71.9805267,-12.8191995 -71.9804608,-12.8190711 -71.9804531,-12.8189876 -71.9804938,-12.8188673 -71.9806009,-12.8185669 -71.9807656,-12.8182177 -71.9811597,-12.8175626 -71.9813071,-12.8171286 -71.9814205,-12.8167803 -71.9814573,-12.816385 -71.9814148,-12.816233 -71.9813453,-12.8159821 -71.981291,-12.8155793 -71.9813138,-12.8151085 -71.9813536,-12.8148901 -71.9814194,-12.8147099 -71.9814488,-12.8144943 -71.9814488,-12.8142455 -71.9813695,-12.8139912 -71.9812844,-12.813748 -71.9812986,-12.8135213 -71.981376,-12.813299 -71.9815565,-12.8130254 -71.981673,-12.8128781 -71.9818173,-12.8128195 -71.982126,-12.8127667 -71.9825891,-12.8127257 -71.9829359,-12.8126201 -71.9832145,-12.8124794 -71.9837076,-12.8123914 -71.9841065,-12.8122976 -71.9844012,-12.8121491 -71.9847179,-12.8120025 -71.9851729,-12.8119927 -71.9855798,-12.8119419 -71.9859305,-12.8118088 -71.986241,-12.811788 -71.9863657,-12.8117866 -71.9867115,-12.8117645 -71.9871113,-12.8117175 -71.9873196,-12.8116512 -71.9876073,-12.8115351 -71.9877944,-12.8114757 -71.9878526,-12.8114231 -71.9878129,-12.8113692 -71.9877321,-12.8113513 -71.9875321,-12.8113732 -71.9872316,-12.8113759 -71.9870332,-12.8113787 -71.9866562,-12.811445 -71.9864832,-12.8114782 -71.9863557,-12.8114837 -71.9863216,-12.8114395 -71.98635,-12.8113897 -71.9865371,-12.8113096 -71.9867837,-12.8112294 -71.9871182,-12.8110138 -71.987535,-12.8108286 -71.9879233,-12.810765 -71.9882011,-12.8106047 -71.9885047,-12.8104858 -71.9886748,-12.8105218 -71.9888732,-12.8106627 -71.9891,-12.8108562 -71.9892446,-12.8108783 -71.9893183,-12.8108369 -71.9893098,-12.8107484 -71.9892474,-12.8105826 -71.9892276,-12.8103946 -71.9892426,-12.8102026 -71.9893107,-12.8099993 -71.9895132,-12.8098488 -71.9897918,-12.8097765 -71.9901326,-12.8097765 -71.9904653,-12.8097276 -71.9909023,-12.8097237 -71.9913125,-12.8097456 -71.9915506,-12.8097871 -71.9917731,-12.8098562 -71.9919305,-12.809917 -71.9919999,-12.8098976 -71.9920155,-12.8098728 -71.9919999,-12.8098023 -71.9919616,-12.8096627 -71.9918766,-12.809548 -71.9918324,-12.8094212 -71.9919125,-12.8093274 -71.9920368,-12.8092492 -71.9922754,-12.8092042 -71.9925259,-12.8090889 -71.992743,-12.8089771 -71.9930435,-12.8087343 -71.9932093,-12.8086072 -71.9933412,-12.8085256 -71.9934574,-12.8084219 -71.9935225,-12.8082853 -71.9936727,-12.8081291 -71.9937974,-12.8080268</coordinates></LineString></Placemark><Placemark><ExtendedData><Data name="@id"><value>way/341319288</value></Data><Data name="highway"><value>primary</value></Data><Data name="ref"><value>CU-104</value></Data><Data name="source"><value>bing</value></Data><Data name="surface"><value>dirt</value></Data></ExtendedData><LineString><coordinates>-71.9703063,-12.8543051 -71.9703774,-12.8542449 -71.9703492,-12.8541822 -71.9703117,-12.8540723 -71.970197,-12.8539717 -71.9699824,-12.8537886 -71.9697679,-12.8535977 -71.9696793,-12.853467 -71.9695104,-12.8533153 -71.9693682,-12.8531741 -71.9692582,-12.8529518 -71.96921,-12.8528237 -71.9690571,-12.8527505 -71.9689176,-12.8525936 -71.968872,-12.8524314 -71.9688157,-12.8522536 -71.9687245,-12.8520679 -71.9685964,-12.8518287 -71.9685233,-12.8515423 -71.9683946,-12.8512625 -71.9683195,-12.8511736 -71.9681237,-12.8511422 -71.967901,-12.8510716 -71.9677643,-12.8509487 -71.9677428,-12.8507761 -71.9677187,-12.8506558 -71.9675524,-12.8504623 -71.9674236,-12.8503368 -71.9671983,-12.8502662 -71.966965,-12.8501851 -71.966855,-12.8500805 -71.9667182,-12.8500701 -71.9665734,-12.8500988 -71.9663615,-12.8500622 -71.9662408,-12.8500675 -71.9660745,-12.850159 -71.9659028,-12.8501956 -71.9657687,-12.8501198 -71.9657043,-12.849921 -71.9656319,-12.8497615 -71.9654012,-12.849649 -71.9651169,-12.849602 -71.9649157,-12.8494869 -71.9647548,-12.8494424 -71.9645591,-12.8494738 -71.9643203,-12.8494713 -71.9639823,-12.849194 -71.9638268,-12.8489927 -71.9636243,-12.8488593 -71.963407,-12.8487207 -71.9631871,-12.8485612 -71.9629027,-12.8484357 -71.9626184,-12.8483049 -71.9623663,-12.8482134 -71.9622483,-12.8481349 -71.9621786,-12.8479833 -71.9621571,-12.8478368 -71.9622027,-12.8476485 -71.962377,-12.8473949 -71.9626265,-12.8470418 -71.962826,-12.8466849 -71.9629936,-12.8464351 -71.9630124,-12.8462469 -71.9629882,-12.8460507 -71.9629185,-12.8458807 -71.9628863,-12.8457186 -71.9629132,-12.8455337 -71.9629453,-12.8453133 -71.9629748,-12.8450021 -71.9630177,-12.8448086 -71.9631706,-12.8446177 -71.9632377,-12.8444346 -71.9632404,-12.8442777 -71.9631733,-12.8440162 -71.9630848,-12.8436736 -71.9630097,-12.8434906 -71.9630124,-12.8433598 -71.9630285,-12.843195 -71.9630017,-12.8428028 -71.9629574,-12.8425491 -71.9629388,-12.8424999 -71.9629118,-12.8424288 -71.9629091,-12.8422615 -71.962893,-12.8421281 -71.9628018,-12.8419895 -71.9627857,-12.8418143 -71.9628743,-12.8414874 -71.9629172,-12.8413017 -71.9629601,-12.8410951 -71.9631022,-12.840933 -71.9632819,-12.8407813 -71.963467,-12.8406322 -71.963636,-12.8404204 -71.9636977,-12.8402766 -71.9637916,-12.8401249 -71.9638157,-12.8399471 -71.9638184,-12.8397771 -71.9638345,-12.8396254 -71.9637942,-12.8394607 -71.963628,-12.8391782 -71.9634697,-12.839003 -71.9633946,-12.8388435 -71.9633678,-12.8386787 -71.9634375,-12.8385427 -71.963514,-12.8384472 -71.9635448,-12.8383727 -71.9635394,-12.8382917 -71.9634509,-12.8382028 -71.9632363,-12.8381138 -71.9630392,-12.8380092 -71.9627334,-12.8379318 -71.9624183,-12.837834 -71.9621635,-12.83773 -71.9619824,-12.8375097 -71.9618912,-12.8373999 -71.9619019,-12.8372352 -71.9619119,-12.837185 -71.9619315,-12.8370861 -71.9619583,-12.8369527 -71.9620253,-12.8368873 -71.9621782,-12.836801 -71.9623579,-12.8367147 -71.9625591,-12.8366337 -71.9628133,-12.836574 -71.9630147,-12.83666 -71.9633825,-12.8368832 -71.9636223,-12.8370113 -71.9639111,-12.8371671 -71.9641626,-12.8373285 -71.9644596,-12.8374016 -71.9645737,-12.8373839 -71.9647089,-12.8374221 -71.9648958,-12.8374905 -71.9650496,-12.8375359 -71.9651822,-12.8375889 -71.9653596,-12.837672 -71.9657141,-12.8377962 -71.9659328,-12.8377498 -71.9665122,-12.8374171 -71.9666669,-12.8373158 -71.9668567,-12.8372431 -71.9669709,-12.8373102 -71.9670343,-12.8374557 -71.9671204,-12.8374983 -71.9672148,-12.8376358 -71.9672745,-12.8378093 -71.9675052,-12.8379838 -71.9676587,-12.8380767 -71.9679233,-12.8381165 -71.9682803,-12.8380947 -71.9686452,-12.8379664 -71.9693664,-12.8377089 -71.9703054,-12.8372869 -71.9706741,-12.8370763 -71.9710603,-12.8368741 -71.9713045,-12.8367806 -71.9715224,-12.8367893 -71.9716833,-12.8366716 -71.9719247,-12.8365304 -71.9720213,-12.8364336 -71.9720347,-12.8363002 -71.9721098,-12.8360413 -71.9721366,-12.8358426 -71.972209,-12.8357798 -71.972319,-12.8357877 -71.9724826,-12.8358818 -71.9726382,-12.8360073 -71.9727079,-12.8361799 -71.972903,-12.8365521 -71.9730643,-12.8366344 -71.9732186,-12.8366642 -71.9734482,-12.836629 -71.9736767,-12.8366863 -71.973886,-12.8366471 -71.9741509,-12.8366203 -71.9743595,-12.8366133 -71.974599,-12.8365623 -71.974829,-12.836519 -71.9750718,-12.8365255 -71.975383,-12.8364616 -71.9756202,-12.8363233 -71.9758575,-12.8363531 -71.9760758,-12.8364277 -71.9762175,-12.8366102 -71.9764159,-12.8367732 -71.976518,-12.8368423 -71.976793,-12.8369557 -71.9770339,-12.8370745 -71.9772976,-12.8371823 -71.9774875,-12.8372652 -71.9776207,-12.8374255 -71.9777653,-12.8376079 -71.9781509,-12.8378788 -71.9784457,-12.8381414 -71.9786101,-12.8384012 -71.978817,-12.8387412 -71.9790382,-12.8389927 -71.9791827,-12.8390977 -71.9793557,-12.8391558 -71.9795002,-12.8391447 -71.9796306,-12.839059 -71.9797639,-12.8388573 -71.9800133,-12.8386251 -71.9802571,-12.8383459 -71.9806285,-12.8378539 -71.9808525,-12.8374642 -71.9810197,-12.8372431 -71.9812068,-12.8371491 -71.9813457,-12.8371243 -71.9815725,-12.8371851 -71.9818872,-12.8373233 -71.9822841,-12.8374449 -71.9827235,-12.8375167 -71.9830665,-12.8374532 -71.9833358,-12.837373 -71.9835484,-12.8374145 -71.9837412,-12.8375029 -71.9838035,-12.8376688 -71.9839219,-12.8378124 -71.9840212,-12.8378953 -71.9842508,-12.83797 -71.9843698,-12.8380335 -71.9844861,-12.8381358 -71.9846618,-12.838227 -71.9847582,-12.8381441 -71.9848915,-12.8379562 -71.9849226,-12.8377489 -71.9849396,-12.8376659 -71.9850587,-12.8376383 -71.9851636,-12.8376825 -71.9852543,-12.837818 -71.9853904,-12.8379175 -71.9856569,-12.838028 -71.9859517,-12.8381054 -71.9861785,-12.838133 -71.9862131,-12.8381202 -71.9862749,-12.8380971 -71.9863259,-12.8379644 -71.9864251,-12.8377571 -71.9865158,-12.8375996 -71.9867823,-12.8373453 -71.9869184,-12.8371574 -71.9870941,-12.8371325 -71.987457,-12.8371435 -71.987902,-12.8371159 -71.9881827,-12.8371187 -71.9883868,-12.8372126 -71.9885059,-12.8373508 -71.9886476,-12.8373978 -71.9888886,-12.8373315 -71.9892705,-12.8372639 -71.9895351,-12.8373851 -71.9897135,-12.8375102 -71.9899861,-12.8375258 -71.9902367,-12.8375649 -71.9904652,-12.8376333 -71.9906556,-12.8375981 -71.9908401,-12.8374672 -71.9909463,-12.8374476 -71.9911468,-12.8374613 -71.9914434,-12.8375121 -71.9917682,-12.8375023 -71.9920067,-12.8373968 -71.9922693,-12.837258 -71.9925018,-12.8371818 -71.9926782,-12.8371603 -71.9929588,-12.8371805 -71.9931954,-12.8372307 -71.9934039,-12.8372287 -71.9935201,-12.8372131 -71.9936227,-12.8371792 -71.9937247,-12.83707</coordinates></LineString></Placemark><Placemark><ExtendedData><Data name="@id"><value>way/505683431</value></Data><Data name="bridge"><value>yes</value></Data><Data name="highway"><value>primary</value></Data><Data name="layer"><value>1</value></Data><Data name="ref"><value>CU-104</value></Data><Data name="source"><value>bing ; http://www.mtc.gob.pe/estadisticas/estadistica/mapas/TRANSPORTES/VIAL/08_CUSCO_VIAL.pdf</value></Data><Data name="surface"><value>dirt</value></Data></ExtendedData><LineString><coordinates>-71.9701803,-12.8543992 -71.9703063,-12.8543051</coordinates></LineString></Placemark><Placemark><ExtendedData><Data name="@id"><value>way/777022573</value></Data><Data name="highway"><value>secondary</value></Data><Data name="ref"><value>CU-104</value></Data><Data name="source"><value>bing; http://www.mtc.gob.pe/portal/transportes/red_vial/mapas_redvial.htm</value></Data><Data name="surface"><value>dirt</value></Data></ExtendedData><LineString><coordinates>-72.2345574,-12.5481126 -72.2346424,-12.5481164</coordinates></LineString></Placemark><Placemark><ExtendedData><Data name="@id"><value>way/1012607482</value></Data><Data name="highway"><value>primary</value></Data><Data name="ref"><value>CU-104</value></Data><Data name="surface"><value>dirt</value></Data></ExtendedData><LineString><coordinates>-72.003079,-12.7803713 -72.0031646,-12.7803315 -72.0032322,-12.7798771 -72.0034774,-12.7791948 -72.0035413,-12.7787137 -72.0035411,-12.7784678 -72.0036015,-12.7783093 -72.0036225,-12.7781658 -72.0035751,-12.7781249 -72.003482,-12.7780999 -72.0034036,-12.7780266 -72.0033496,-12.7779622 -72.0033732,-12.7777187 -72.0032831,-12.7773586 -72.0033242,-12.7770631 -72.003329,-12.7766856 -72.0031595,-12.7762738</coordinates></LineString></Placemark><Placemark><ExtendedData><Data name="@id"><value>way/1157530051</value></Data><Data name="bridge"><value>yes</value></Data><Data name="highway"><value>unclassified</value></Data><Data name="layer"><value>1</value></Data><Data name="ref"><value>CU-104</value></Data><Data name="source"><value>bing;http://www.mtc.gob.pe/portal/transportes/red_vial/mapas_redvial.htm</value></Data><Data name="surface"><value>dirt</value></Data></ExtendedData><LineString><coordinates>-72.0841982,-12.7075516 -72.084322,-12.707359</coordinates></LineString></Placemark><Placemark><ExtendedData><Data name="@id"><value>way/1189750697</value></Data><Data name="highway"><value>primary</value></Data><Data name="ref"><value>CU-104</value></Data><Data name="source"><value>bing ; http://www.mtc.gob.pe/estadisticas/estadistica/mapas/TRANSPORTES/VIAL/08_CUSCO_VIAL.pdf</value></Data><Data name="surface"><value>dirt</value></Data></ExtendedData><LineString><coordinates>-71.9453652,-13.0548109 -71.9452678,-13.0547824 -71.9451766,-13.0545786 -71.9450532,-13.0542598 -71.9450279,-13.0542028 -71.9449138,-13.0539462</coordinates></LineString></Placemark><Placemark><name>Calle Bolívar</name><ExtendedData><Data name="@id"><value>way/1189750698</value></Data><Data name="highway"><value>primary</value></Data><Data name="name"><value>Calle Bolívar</value></Data><Data name="ref"><value>CU-104</value></Data><Data name="source"><value>bing;http://www.mtc.gob.pe/estadisticas/estadistica/mapas/TRANSPORTES/VIAL/08_CUSCO_VIAL.pdf</value></Data><Data name="surface"><value>dirt</value></Data></ExtendedData><LineString><coordinates>-71.9449138,-13.0539462 -71.9447016,-13.0538806 -71.9442929,-13.0538088</coordinates></LineString></Placemark><Placemark><name>Calle Espinar</name><ExtendedData><Data name="@id"><value>way/1189750700</value></Data><Data name="highway"><value>primary</value></Data><Data name="name"><value>Calle Espinar</value></Data><Data name="ref"><value>CU-104</value></Data><Data name="source"><value>bing;http://www.mtc.gob.pe/estadisticas/estadistica/mapas/TRANSPORTES/VIAL/08_CUSCO_VIAL.pdf</value></Data><Data name="surface"><value>dirt</value></Data></ExtendedData><LineString><coordinates>-71.9442929,-13.0538088 -71.9442808,-13.053455 -71.9441037,-13.0530265 -71.9440447,-13.0528436 -71.9440101,-13.0526929 -71.9439535,-13.0524464 -71.9438194,-13.0520963 -71.943782,-13.0520352 -71.9436048,-13.0517462 -71.9435137,-13.0515005 -71.9434493,-13.051234 -71.9434184,-13.0510694 -71.943468,-13.05091 -71.9434359,-13.0506605 -71.9433742,-13.0505547 -71.9432562,-13.0504293</coordinates></LineString></Placemark><Placemark><ExtendedData><Data name="@id"><value>way/1196101362</value></Data><Data name="highway"><value>primary</value></Data><Data name="ref"><value>CU-104</value></Data><Data name="surface"><value>dirt</value></Data></ExtendedData><LineString><coordinates>-72.0031595,-12.7762738 -72.0030505,-12.7758437 -72.0028104,-12.7754757 -72.0026546,-12.775262 -72.0024605,-12.7748858 -72.0022999,-12.7745744 -72.0019518,-12.7742542 -72.0015698,-12.7738966 -72.000955,-12.7733708 -72.0006504,-12.7728673 -72.0006285,-12.7727144 -72.0006722,-12.7725491 -72.0008199,-12.7724477 -72.0011244,-12.7724086 -72.0013796,-12.7724139 -72.0017132,-12.7723499 -72.0019095,-12.7722618 -72.0022808,-12.7720456 -72.0027526,-12.7718142 -72.0031832,-12.7716433 -72.003606,-12.7713516 -72.0039824,-12.7711353 -72.0043692,-12.7709292 -72.0048332,-12.7706501 -72.0052128,-12.7704271 -72.0054543,-12.7703058 -72.0055183,-12.7702737 -72.0057555,-12.7701266 -72.0059244,-12.769977</coordinates></LineString></Placemark><Placemark><ExtendedData><Data name="@id"><value>node/2375265103</value></Data><Data name="ford"><value>yes</value></Data></ExtendedData><Point><coordinates>-71.9484344,-12.9839121</coordinates></Point></Placemark><Placemark><ExtendedData><Data name="@id"><value>node/2967055464</value></Data><Data name="ford"><value>yes</value></Data><Data name="source"><value>MapBox</value></Data></ExtendedData><Point><coordinates>-71.9978903,-12.8913254</coordinates></Point></Placemark><Placemark><ExtendedData><Data name="@id"><value>node/2967055602</value></Data><Data name="ford"><value>yes</value></Data><Data name="source"><value>bing</value></Data></ExtendedData><Point><coordinates>-71.9959591,-12.9043214</coordinates></Point></Placemark><Placemark><ExtendedData><Data name="@id"><value>node/3001505522</value></Data><Data name="ford"><value>yes</value></Data><Data name="source"><value>bing</value></Data></ExtendedData><Point><coordinates>-72.4465751,-12.4358382</coordinates></Point></Placemark><Placemark><ExtendedData><Data name="@id"><value>node/3485213442</value></Data><Data name="ford"><value>yes</value></Data><Data name="source"><value>bing</value></Data></ExtendedData><Point><coordinates>-71.9933412,-12.8085256</coordinates></Point></Placemark><Placemark><ExtendedData><Data name="@id"><value>node/3485213475</value></Data><Data name="ford"><value>yes</value></Data><Data name="source"><value>bing</value></Data></ExtendedData><Point><coordinates>-71.9919999,-12.8098976</coordinates></Point></Placemark><Placemark><ExtendedData><Data name="@id"><value>node/3485213908</value></Data><Data name="ford"><value>yes</value></Data><Data name="source"><value>bing</value></Data></ExtendedData><Point><coordinates>-71.9935201,-12.8372131</coordinates></Point></Placemark><Placemark><ExtendedData><Data name="@id"><value>node/3485213970</value></Data><Data name="ford"><value>yes</value></Data><Data name="source"><value>bing</value></Data></ExtendedData><Point><coordinates>-71.9862131,-12.8381202</coordinates></Point></Placemark><Placemark><ExtendedData><Data name="@id"><value>node/3485215392</value></Data><Data name="ford"><value>yes</value></Data><Data name="source"><value>bing</value></Data></ExtendedData><Point><coordinates>-71.9784253,-12.9403353</coordinates></Point></Placemark><Placemark><ExtendedData><Data name="@id"><value>node/3485215663</value></Data><Data name="ford"><value>yes</value></Data><Data name="source"><value>bing</value></Data></ExtendedData><Point><coordinates>-71.975599,-12.9500342</coordinates></Point></Placemark></Document></kml>